Timestamp,  ğŸ‚ Usia Anda saat ini,  ğŸ“š Semester Anda saat ini,  ğŸ’ Berapa kali Anda pernah menjalin hubungan romantis? (Pacaran &/ HTS),  â±ï¸ Berapa rata-rata durasi hubungan Anda (dalam bulan)?,"  ğŸ“… Berapa kali biasanya Anda berkencan dalam sebulan?
(Misal: '2' kali/sebulan)",  ğŸ˜Œ Saya merasa puas dengan hubungan saya.,  ğŸ’“ Saya merasakan cinta yang kuat dalam hubungan saya.,  ğŸ—£ï¸ Komunikasi dengan pasangan berjalan baik dan terbuka.,  ğŸ‘¨â€ğŸ‘©â€ğŸ‘§â€ğŸ‘¦ Saya mendapatkan dukungan dari teman & keluarga.,  ğŸ“± Media sosial berpengaruh terhadap hubungan saya.,  ğŸ’¥ Seberapa sering konflik terjadi dalam hubungan?,ğŸ¤ Saya dan pasangan mampu menyelesaikan konflik dengan baik.,  ğŸ“š Hubungan saya memengaruhi performa akademik saya.,"  ğŸ“‰ğŸ“ˆ Jika ada perubahan, bagaimana perubahan IPK Anda?",  ğŸ§  Hubungan romantis terakhir Anda lebih cenderung...,  ğŸ‘« Bagaimana Anda bertemu dengan pasangan terakhir Anda?,  ğŸ‘¤ Jenis Kelamin,  ğŸ§  Fakultas dari Jurusan Anda,  ğŸ’• Apakah Anda saat ini sedang berada dalam hubungan romantis? (Pacaran &/ HTS),  ğŸ’• Apakah sebelumnya sudah pernah berada dalam hubungan romantis? (Pacaran &/ HTS) 
5/13/2025 13:54:52,20,Semester 4,3,12,16,4,5,4,5,5,3,4,Ya,Naik,Sangat mendukung ğŸ˜,Di kampus/organisasi ğŸ«,Laki-laki,School of Computer Science,Ya,Pernah
5/14/2025 10:02:17,20,Semester 4,2,12,8,5,5,5,5,5,3,4,Tidak,,Cukup mendukung ğŸ˜Š,"Media sosial (Instagram, Twitter, dsb.) ğŸ“±",Laki-laki,School of Computer Science,Ya,Pernah
5/14/2025 10:04:06,19,Semester 4,2,48,4,5,5,4,4,4,5,4,Tidak,,Netral ğŸ˜,Melalui teman ğŸ¤,Laki-laki,School of Computer Science,Ya,Pernah
5/14/2025 12:27:38,19,Semester 4,3,30,4,5,5,5,4,1,2,5,Ya,Turun,Sangat mendukung ğŸ˜,Melalui teman ğŸ¤,Laki-laki,School of Computer Science,Ya,Pernah
5/14/2025 12:29:30,20,Semester 4,,,,,,,,,,,,,,,Laki-laki,School of Computer Science,,Belum pernah
5/14/2025 12:33:17,19,Semester 4,1,8,6,2,2,1,2,4,4,2,Ya,Turun,Sangat mengganggu ğŸ˜–,sma,Perempuan,School of Computer Science,Ya,Pernah
5/14/2025 18:03:08,19,Semester 2,2,5,20,5,5,4,5,3,3,4,Ya,Naik,Sangat mendukung ğŸ˜,Di kampus/organisasi ğŸ«,Perempuan,School of Computer Science,Ya,Pernah
5/15/2025 10:40:41,21,Semester 6,6,12,2,1,1,1,2,5,2,5,Tidak,,Netral ğŸ˜,"Aplikasi kencan (Tinder, Bumble, dll) ğŸ”¥",Perempuan,School of Computer Science,Ya,Pernah
5/15/2025 10:42:04,22,Semester 6,10,3,8,4,4,3,3,4,2,5,Tidak,,Cukup mengganggu ğŸ˜•,"Media sosial (Instagram, Twitter, dsb.) ğŸ“±",Perempuan,School of Computer Science,Ya,Pernah
5/17/2025 19:17:36,20,Semester 2,,,,,,,,,,,,,,,Laki-laki,Faculty of Engineering,,Belum pernah
5/17/2025 19:19:19,19,Semester 4,1,12,1,3,5,5,4,3,1,4,Ya,Naik,Sangat mendukung ğŸ˜,Di kampus/organisasi ğŸ«,Laki-laki,School of Computer Science,Ya,Pernah
5/17/2025 19:22:52,21,Semester 2,,,,,,,,,,,,,,,Laki-laki,School of Computer Science,,Belum pernah
5/17/2025 19:23:12,18,Semester 4,3,3,1,3,3,3,3,3,3,3,Ya,Turun,Cukup mengganggu ğŸ˜•,Di kampus/organisasi ğŸ«,Perempuan,School of Accounting,Ya,Pernah
5/17/2025 19:24:31,20,Semester 2,3,2,1,2,2,2,3,4,3,2,Ya,Turun,Netral ğŸ˜,"Media sosial (Instagram, Twitter, dsb.) ğŸ“±",Perempuan,School of Accounting,Tidak,Pernah
5/17/2025 19:26:15,19,Semester 2,2,24,12,3,5,5,5,5,1,5,Ya,Naik,Sangat mendukung ğŸ˜,Di kampus/organisasi ğŸ«,Perempuan,School of Accounting,Ya,Pernah
5/17/2025 19:27:04,18,Semester 2,1,12,3,5,5,4,5,3,3,4,Tidak,,Sangat mendukung ğŸ˜,Sekolah ,Perempuan,Faculty of Humanities,Ya,Pernah
5/17/2025 19:27:19,18,Semester 2,3,12,3,4,5,5,5,5,3,5,Ya,Naik,Sangat mendukung ğŸ˜,Di kampus/organisasi ğŸ«,Laki-laki,School of Computer Science,Ya,Pernah
5/17/2025 19:30:05,18,Semester 2,5,7,1,3,3,2,2,4,2,3,Tidak,,Netral ğŸ˜,Melalui teman ğŸ¤,Perempuan,School of Computer Science,Tidak,Pernah
5/17/2025 19:33:46,20,Semester 4,2,3,10,4,5,4,4,4,4,4,Ya,Turun,Cukup mendukung ğŸ˜Š,Melalui teman ğŸ¤,Laki-laki,School of Computer Science,Ya,Pernah
5/17/2025 19:34:22,18,Semester 2,3,24,1,3,3,3,3,3,3,3,Tidak,,Netral ğŸ˜,Di kampus/organisasi ğŸ«,Perempuan,Faculty of Digital Communication and Hotel and Tourism,Tidak,Pernah
5/17/2025 19:39:25,19,Semester 2,1,7,4,5,5,5,5,2,2,5,Tidak,,Netral ğŸ˜,Di kampus/organisasi ğŸ«,Perempuan,School of Accounting,Tidak,Pernah
5/17/2025 19:40:31,19,Semester 2,2,6,10,4,5,4,3,2,4,5,Tidak,,Cukup mendukung ğŸ˜Š,Badmin ,Perempuan,Faculty of Humanities,Ya,Pernah
5/17/2025 19:43:03,18,Semester 2,2,10,4,3,4,4,5,3,1,5,Tidak,,Cukup mendukung ğŸ˜Š,Di kampus/organisasi ğŸ«,Perempuan,BINUS Business School,Tidak,Pernah
5/17/2025 19:48:57,19,Semester 4,2,20,2,5,5,5,3,5,2,5,Ya,Naik,Sangat mendukung ğŸ˜,Di kampus/organisasi ğŸ«,Perempuan,School of Computer Science,Ya,Pernah
5/17/2025 19:51:10,20,Semester 4,2,1000000,2,5,5,5,5,2,3,5,Tidak,,Cukup mendukung ğŸ˜Š,Melalui teman ğŸ¤,Laki-laki,School of Computer Science,Ya,Pernah
5/17/2025 20:00:25,19,Semester 4,1,2,2,5,5,5,5,2,2,4,Tidak,,Sangat mendukung ğŸ˜,Di kampus/organisasi ğŸ«,Laki-laki,School of Computer Science,Ya,Pernah
5/17/2025 20:06:42,20,Semester 4,,,,,,,,,,,,,,,Laki-laki,School of Computer Science,,Belum pernah
5/17/2025 20:10:17,20,Semester 4,1,9,4,5,5,5,4,5,3,5,Ya,Naik,Cukup mengganggu ğŸ˜•,Di kampus/organisasi ğŸ«,Laki-laki,School of Computer Science,Ya,Pernah
5/17/2025 20:18:54,19,Semester 4,1,6,5,5,4,5,5,5,2,4,Tidak,,Netral ğŸ˜,Melalui teman ğŸ¤,Perempuan,School of Computer Science,Ya,Pernah
5/17/2025 20:31:23,19,Semester 4,3,12,15,5,5,5,5,4,2,5,Ya,Naik,Sangat mendukung ğŸ˜,Di kampus/organisasi ğŸ«,Laki-laki,School of Computer Science,Ya,Pernah
5/17/2025 20:40:50,19,Semester 4,,,,,,,,,,,,,,,Perempuan,School of Computer Science,,Belum pernah
5/17/2025 20:41:55,20,Semester 6,1,3,2,3,4,2,1,1,1,3,Tidak,,Netral ğŸ˜,Game online,Perempuan,School of Computer Science,Tidak,Pernah
5/17/2025 20:43:36,19,Semester 4,2,12,1,4,5,4,5,2,3,3,Tidak,,Sangat mendukung ğŸ˜,Di kampus/organisasi ğŸ«,Laki-laki,School of Information Systems,Tidak,Pernah
5/17/2025 20:45:53,19,Semester 4,3,2,4,1,1,1,3,4,5,1,Ya,Turun,Sangat mengganggu ğŸ˜–,Melalui teman ğŸ¤,Perempuan,School of Computer Science,Tidak,Pernah
5/17/2025 20:50:52,19,Semester 4,,,,,,,,,,,,,,,Laki-laki,School of Computer Science,,Belum pernah
5/17/2025 21:06:10,20,Semester 4,3,8,4,5,5,5,5,2,1,5,Tidak,,Sangat mendukung ğŸ˜,Di kampus/organisasi ğŸ«,Perempuan,School of Computer Science,Ya,Pernah
5/17/2025 21:08:05,19,Semester 4,,,,,,,,,,,,,,,Perempuan,School of Computer Science,,Belum pernah
5/17/2025 21:15:15,19,Semester 2,1,30,1,3,5,3,5,3,5,5,Tidak,,Netral ğŸ˜,Sekolah,Laki-laki,School of Accounting,Ya,Pernah
5/17/2025 21:15:28,19,Semester 4,1,6,1,4,4,4,4,4,5,4,Tidak,,Netral ğŸ˜,Di kampus/organisasi ğŸ«,Perempuan,BINUS Business School,Ya,Pernah
5/17/2025 21:23:24,19,Semester 4,,,,,,,,,,,,,,,Laki-laki,School of Computer Science,,Belum pernah
5/17/2025 21:33:11,21,Semester 6,1,0,4,3,3,3,3,3,3,3,Tidak,,Cukup mendukung ğŸ˜Š,Di kampus/organisasi ğŸ«,Laki-laki,School of Accounting,Tidak,Pernah
5/17/2025 21:35:15,20,Semester 4,,,,,,,,,,,,,,,Laki-laki,School of Computer Science,,Belum pernah
5/17/2025 21:37:30,19,Semester 4,4,10,2,5,5,5,4,2,2,4,Tidak,,Sangat mendukung ğŸ˜,Melalui teman ğŸ¤,Laki-laki,School of Computer Science,Ya,Pernah
5/17/2025 21:47:41,18,Semester 3,,,,,,,,,,,,,,,Laki-laki,Faculty of Engineering,,Belum pernah
5/17/2025 21:55:49,19,Semester 4,1,12,2,2,3,5,3,1,1,4,Ya,Turun,Sangat mengganggu ğŸ˜–,Melalui teman ğŸ¤,Laki-laki,School of Computer Science,Tidak,Pernah
5/17/2025 22:04:28,19,Semester 4,1,8,1,5,5,5,5,4,2,4,Tidak,,Cukup mendukung ğŸ˜Š,Di kampus/organisasi ğŸ«,Laki-laki,School of Computer Science,Ya,Pernah
5/17/2025 22:12:22,19,Semester 4,3,12,3,3,3,5,5,3,3,5,Tidak,,Netral ğŸ˜,Di kampus/organisasi ğŸ«,Laki-laki,School of Computer Science,Ya,Pernah
5/17/2025 22:42:01,19,Semester 4,1,16,8,5,5,5,5,1,1,5,Tidak,,Sangat mendukung ğŸ˜,Di kampus/organisasi ğŸ«,Perempuan,School of Computer Science,Ya,Pernah
5/17/2025 23:22:08,19,Semester 4,3,9,4,3,3,3,4,4,2,4,Tidak,,Cukup mendukung ğŸ˜Š,Melalui teman ğŸ¤,Perempuan,School of Computer Science,Ya,Pernah
5/17/2025 23:56:46,19,Semester 4,8,3,3,3,2,4,2,5,5,4,Ya,Naik,Cukup mendukung ğŸ˜Š,Di kampus/organisasi ğŸ«,Laki-laki,School of Computer Science,Ya,Pernah
5/18/2025 0:44:09,20,Semester 4,1,34,2,5,5,5,5,3,2,5,Ya,Naik,Netral ğŸ˜,SMA,Perempuan,School of Computer Science,Ya,Pernah
5/18/2025 0:51:50,19,Semester 4,,,,,,,,,,,,,,,Laki-laki,BINUS Business School,,Belum pernah
5/18/2025 1:08:03,19,Semester 4,,,,,,,,,,,,,,,Laki-laki,School of Computer Science,,Belum pernah
5/18/2025 9:19:27,18,Semester 2,2,4,2,3,3,2,1,2,1,1,Tidak,,Cukup mengganggu ğŸ˜•,Melalui teman ğŸ¤,Perempuan,Faculty of Digital Communication and Hotel and Tourism,Tidak,Pernah
5/18/2025 11:14:14,19,Semester 4,3,30,2,4,4,5,3,2,2,4,Tidak,,Cukup mendukung ğŸ˜Š,Di kampus/organisasi ğŸ«,Laki-laki,School of Computer Science,Ya,Pernah
5/18/2025 11:26:24,19,Semester 4,1,8,4,3,4,4,4,2,4,4,Tidak,,Cukup mengganggu ğŸ˜•,Di kampus/organisasi ğŸ«,Laki-laki,School of Computer Science,Tidak,Pernah
5/18/2025 11:48:53,20,Semester 6,2,15,5,5,5,5,4,2,2,4,Ya,Naik,Cukup mendukung ğŸ˜Š,Di kampus/organisasi ğŸ«,Perempuan,School of Computer Science,Ya,Pernah
5/18/2025 12:15:26,20,Semester 4,,,,,,,,,,,,,,,Perempuan,School of Computer Science,,Belum pernah
5/18/2025 12:34:31,19,Semester 4,1,32,1,5,5,5,3,1,2,5,Ya,Turun,Cukup mendukung ğŸ˜Š,sekolah SMA,Perempuan,School of Computer Science,Ya,Pernah
5/18/2025 12:59:57,19,Semester 4,2,18,2,3,4,5,4,4,2,4,Tidak,,Cukup mendukung ğŸ˜Š,Melalui teman ğŸ¤,Laki-laki,School of Computer Science,Tidak,Pernah
5/18/2025 13:09:27,19,Semester 4,2,23,1,4,4,3,4,5,4,4,Ya,Naik,Cukup mendukung ğŸ˜Š,Di kampus/organisasi ğŸ«,Laki-laki,BINUS Business School,Ya,Pernah
5/18/2025 13:22:26,20,Semester 4,,,,,,,,,,,,,,,Laki-laki,School of Computer Science,,Belum pernah
5/18/2025 18:31:46,19,Semester 4,,,,,,,,,,,,,,,Laki-laki,School of Computer Science,,Belum pernah
5/18/2025 18:55:36,19,Semester 4,,,,,,,,,,,,,,,Laki-laki,School of Computer Science,,Belum pernah
5/18/2025 18:56:52,19,Semester 4,,,,,,,,,,,,,,,Laki-laki,School of Computer Science,,Belum pernah
5/18/2025 19:01:06,19,Semester 4,1,12,3,2,3,4,4,3,2,5,Ya,Naik,Cukup mendukung ğŸ˜Š,Di kampus/organisasi ğŸ«,Laki-laki,Faculty of Humanities,Ya,Pernah
5/18/2025 19:23:58,20,Semester 4,2,2,5,4,5,5,5,2,1,5,Tidak,,Sangat mendukung ğŸ˜,Melalui teman ğŸ¤,Laki-laki,School of Computer Science,Ya,Pernah
5/18/2025 20:25:48,19,Semester 4,2,3,3,5,5,5,3,3,2,5,Ya,Turun,Cukup mendukung ğŸ˜Š,Di kampus/organisasi ğŸ«,Perempuan,School of Computer Science,Ya,Pernah
5/18/2025 20:33:38,19,Semester 4,1,6,5,5,5,3,5,1,3,4,Tidak,,Cukup mendukung ğŸ˜Š,Melalui teman ğŸ¤,Laki-laki,School of Computer Science,Tidak,Pernah
5/18/2025 22:31:44,20,Semester 4,2,24,2,3,3,3,3,3,3,3,Ya,Naik,Cukup mendukung ğŸ˜Š,Melalui teman ğŸ¤,Laki-laki,School of Computer Science,Tidak,Pernah
5/18/2025 22:34:28,19,Semester 4,,,,,,,,,,,,,,,Laki-laki,School of Computer Science,,Belum pernah
5/18/2025 22:58:37,19,Semester 4,2,11,4,3,4,4,1,2,2,4,Tidak,,Cukup mengganggu ğŸ˜•,Gereja,Laki-laki,School of Computer Science,Tidak,Pernah
5/18/2025 23:05:52,18,Semester 4,5,9,3,4,4,3,5,4,4,5,Ya,Naik,Cukup mendukung ğŸ˜Š,Di kampus/organisasi ğŸ«,Perempuan,School of Information Systems,Tidak,Pernah
5/18/2025 23:06:13,20,Semester 4,3,4,0,5,5,5,1,1,1,5,Tidak,,Cukup mendukung ğŸ˜Š,Di kampus/organisasi ğŸ«,Laki-laki,School of Computer Science,Tidak,Pernah
5/18/2025 23:10:55,18,Semester 2,1,6,4,5,5,4,3,3,2,4,Ya,Naik,Sangat mendukung ğŸ˜,Di kampus/organisasi ğŸ«,Perempuan,School of Computer Science,Ya,Pernah
5/18/2025 23:13:12,19,Semester 4,,,,,,,,,,,,,,,Perempuan,School of Design,,Belum pernah
5/18/2025 23:16:10,19,Semester 4,,,,,,,,,,,,,,,Laki-laki,School of Computer Science,,Belum pernah
5/18/2025 23:17:07,19,Semester 2,1,1,2,2,4,3,5,1,5,1,Tidak,,Cukup mengganggu ğŸ˜•,Di SMA,Perempuan,School of Computer Science,Tidak,Pernah
5/18/2025 23:17:10,18,Semester 2,1,3,2,5,4,5,3,4,3,5,Ya,Naik,Cukup mendukung ğŸ˜Š,Di kampus/organisasi ğŸ«,Perempuan,School of Accounting,Ya,Pernah
5/19/2025 10:04:24,20,Semester 4,4,30,6,5,5,5,5,5,5,4,Ya,Naik,Cukup mendukung ğŸ˜Š,Melalui teman ğŸ¤,Laki-laki,BINUS Business School,Tidak,Pernah
5/19/2025 11:10:30,18,Semester 2,5,10,1,3,4,5,2,1,4,5,Tidak,,Netral ğŸ˜,Melalui teman ğŸ¤,Perempuan,School of Computer Science,Tidak,Pernah
5/19/2025 11:13:49,19,Semester 2,1,74,2,3,4,5,5,1,2,5,Ya,Naik,Netral ğŸ˜,Di kampus/organisasi ğŸ«,Laki-laki,School of Computer Science,Tidak,Pernah
5/19/2025 11:17:21,19,Semester 2,5,3,8,3,2,2,1,1,1,5,Ya,Turun,Sangat mengganggu ğŸ˜–,"Aplikasi kencan (Tinder, Bumble, dll) ğŸ”¥",Laki-laki,School of Computer Science,Tidak,Pernah
5/19/2025 11:19:23,19,Semester 4,,,,,,,,,,,,,,,Perempuan,Faculty of Humanities,,Belum pernah
5/19/2025 11:21:16,18,Semester 2,1,3,8,5,5,5,3,1,1,3,Tidak,,Cukup mendukung ğŸ˜Š,Melalui teman ğŸ¤,Laki-laki,School of Computer Science,Ya,Pernah
5/19/2025 11:33:25,20,Semester 4,1,13,2,2,2,4,4,1,2,2,Tidak,,Cukup mendukung ğŸ˜Š,Di kampus/organisasi ğŸ«,Perempuan,School of Computer Science,Tidak,Pernah
5/19/2025 11:43:37,19,Semester 4,2,4,3,3,3,4,2,3,1,2,Tidak,,Netral ğŸ˜,Di kampus/organisasi ğŸ«,Perempuan,School of Computer Science,Ya,Pernah
5/19/2025 11:52:16,19,Semester 4,,,,,,,,,,,,,,,Laki-laki,School of Computer Science,,Belum pernah
5/19/2025 11:55:07,21,Semester 4,4,6,2,4,3,2,3,3,4,1,Tidak,,Netral ğŸ˜,Di kampus/organisasi ğŸ«,Laki-laki,School of Computer Science,Tidak,Pernah
5/19/2025 13:05:12,20,Semester 4,1,6,4,4,4,5,3,2,4,4,Tidak,,Netral ğŸ˜,Melalui teman ğŸ¤,Laki-laki,School of Information Systems,Tidak,Pernah
5/19/2025 15:28:25,20,Semester 4,1,15,4,5,4,5,4,4,5,5,Tidak,,Cukup mendukung ğŸ˜Š,Melalui teman ğŸ¤,Laki-laki,School of Computer Science,Ya,Pernah
5/19/2025 15:41:09,19,Semester 4,3,5,1,4,5,4,1,5,5,3,Ya,Naik,Cukup mendukung ğŸ˜Š,Di kampus/organisasi ğŸ«,Perempuan,School of Accounting,Ya,Pernah
5/19/2025 16:02:50,20,Semester 4,1,3,0,4,2,4,2,5,3,4,Tidak,,Cukup mendukung ğŸ˜Š,Melalui teman ğŸ¤,Laki-laki,School of Computer Science,Tidak,Pernah
5/19/2025 16:09:25,20,Semester 4,5,9,6,1,1,1,3,5,4,1,Ya,Turun,Netral ğŸ˜,Melalui teman ğŸ¤,Perempuan,Faculty of Humanities,Tidak,Pernah
5/19/2025 18:56:54,20,Semester 4,3,8,0,3,3,5,1,4,4,4,Ya,Turun,Netral ğŸ˜,Di kampus/organisasi ğŸ«,Perempuan,School of Computer Science,Ya,Pernah
5/19/2025 20:50:58,19,Semester 4,1,12,8,1,3,1,3,1,4,3,Ya,Turun,Sangat mengganggu ğŸ˜–,Di kampus/organisasi ğŸ«,Perempuan,School of Computer Science,Tidak,Pernah
5/20/2025 14:51:51,20,Semester 4,2,10,2,4,3,2,1,3,2,1,Tidak,,Cukup mengganggu ğŸ˜•,"Media sosial (Instagram, Twitter, dsb.) ğŸ“±",Perempuan,School of Information Systems,Tidak,Pernah
5/20/2025 14:53:38,20,Semester 4,6,7,4,5,4,4,4,4,4,5,Ya,Naik,Netral ğŸ˜,"Aplikasi kencan (Tinder, Bumble, dll) ğŸ”¥",Laki-laki,School of Computer Science,Tidak,Pernah
5/20/2025 15:18:19,19,Semester 4,1,24,1,2,4,2,5,1,3,4,Tidak,,Cukup mendukung ğŸ˜Š,sekolah,Perempuan,School of Information Systems,Tidak,Pernah
5/20/2025 15:33:36,19,Semester 4,,,,,,,,,,,,,,,Laki-laki,School of Computer Science,,Belum pernah
5/20/2025 18:38:45,19,Semester 4,3,6,2,3,3,4,4,4,4,4,Tidak,,Sangat mengganggu ğŸ˜–,Di kampus/organisasi ğŸ«,Laki-laki,School of Computer Science,Tidak,Pernah
5/21/2025 1:24:10,19,Semester 4,1,10,1,3,5,4,4,5,2,3,Tidak,,Cukup mengganggu ğŸ˜•,teman sekolah,Laki-laki,School of Computer Science,Tidak,Pernah
5/21/2025 2:50:15,19,Semester 4,5,5,0,4,3,5,5,3,4,3,Ya,Turun,Sangat mendukung ğŸ˜,Melalui teman ğŸ¤,Perempuan,School of Accounting,Ya,Pernah
5/21/2025 4:41:37,20,Semester 4,,,,,,,,,,,,,,,Laki-laki,School of Computer Science,,Belum pernah
5/21/2025 5:35:23,21,Semester 4,1,16,4,3,4,4,2,4,4,5,Tidak,,Cukup mendukung ğŸ˜Š,"Aplikasi kencan (Tinder, Bumble, dll) ğŸ”¥",Perempuan,School of Design,Ya,Pernah
5/21/2025 12:02:37,20,Semester 6,5,15,1,4,4,4,3,5,3,3,Ya,Naik,Sangat mengganggu ğŸ˜–,Melalui teman ğŸ¤,Laki-laki,School of Computer Science,Ya,Pernah
5/21/2025 12:32:21,18,Semester 2,3,25,3,5,3,4,5,4,3,5,Ya,Turun,Sangat mengganggu ğŸ˜–,Di kampus/organisasi ğŸ«,Laki-laki,School of Computer Science,Tidak,Pernah
5/21/2025 12:36:46,21,Semester 4,4,19,3,4,2,5,5,5,4,5,Ya,Naik,Cukup mengganggu ğŸ˜•,Melalui teman ğŸ¤,Perempuan,School of Information Systems,Tidak,Pernah
5/21/2025 12:44:58,19,Semester 4,3,8,2,3,5,3,2,2,5,3,Tidak,,Cukup mengganggu ğŸ˜•,"Media sosial (Instagram, Twitter, dsb.) ğŸ“±",Perempuan,Faculty of Engineering,Ya,Pernah
5/21/2025 12:51:24,19,Semester 4,1,28,2,3,2,4,5,4,3,2,Ya,Naik,Cukup mendukung ğŸ˜Š,Di kampus/organisasi ğŸ«,Laki-laki,Faculty of Humanities,Tidak,Pernah
5/21/2025 12:52:49,20,Semester 4,,,,,,,,,,,,,,,Perempuan,School of Computer Science,,Belum pernah
5/21/2025 12:56:16,21,Semester 4,4,31,2,5,2,3,4,4,4,4,Tidak,,Sangat mengganggu ğŸ˜–,"Media sosial (Instagram, Twitter, dsb.) ğŸ“±",Perempuan,School of Information Systems,Ya,Pernah
5/21/2025 13:14:02,23,Semester 6,4,23,4,4,3,2,3,2,4,2,Tidak,,Cukup mengganggu ğŸ˜•,"Media sosial (Instagram, Twitter, dsb.) ğŸ“±",Laki-laki,School of Computer Science,Ya,Pernah
5/21/2025 13:25:28,20,Semester 6,2,22,1,4,5,4,3,4,3,2,Tidak,,Netral ğŸ˜,Melalui teman ğŸ¤,Perempuan,School of Computer Science,Tidak,Pernah
5/21/2025 13:35:27,19,Semester 4,3,25,1,2,4,2,3,2,5,3,Ya,Turun,Cukup mendukung ğŸ˜Š,Melalui teman ğŸ¤,Perempuan,School of Computer Science,Ya,Pernah
5/21/2025 13:50:01,21,Semester 6,5,3,4,4,5,2,5,5,3,2,Tidak,,Sangat mengganggu ğŸ˜–,"Aplikasi kencan (Tinder, Bumble, dll) ğŸ”¥",Laki-laki,School of Computer Science,Tidak,Pernah
5/21/2025 13:57:21,20,Semester 4,,,,,,,,,,,,,,,Laki-laki,School of Computer Science,,Belum pernah
5/21/2025 14:46:54,20,Semester 4,2,6,4,2,5,2,2,3,3,5,Ya,Naik,Cukup mendukung ğŸ˜Š,"Aplikasi kencan (Tinder, Bumble, dll) ğŸ”¥",Laki-laki,School of Computer Science,Tidak,Pernah
5/21/2025 14:50:21,19,Semester 2,1,22,1,2,3,4,3,3,2,5,Tidak,,Cukup mendukung ğŸ˜Š,"Media sosial (Instagram, Twitter, dsb.) ğŸ“±",Laki-laki,School of Design,Tidak,Pernah
5/21/2025 14:56:36,19,Semester 2,,,,,,,,,,,,,,,Laki-laki,BINUS Business School,,Belum pernah
5/21/2025 16:41:23,23,Semester 6,3,34,2,5,2,3,4,5,4,5,Tidak,,Netral ğŸ˜,"Aplikasi kencan (Tinder, Bumble, dll) ğŸ”¥",Perempuan,Faculty of Humanities,Tidak,Pernah
5/21/2025 16:43:35,19,Semester 4,4,30,1,3,4,2,5,4,2,3,Tidak,,Cukup mendukung ğŸ˜Š,Melalui teman ğŸ¤,Laki-laki,School of Design,Tidak,Pernah
5/21/2025 17:16:28,19,Semester 2,1,28,1,5,3,3,5,2,5,4,Ya,Turun,Cukup mendukung ğŸ˜Š,Di kampus/organisasi ğŸ«,Perempuan,School of Computer Science,Ya,Pernah
5/21/2025 17:35:55,19,Semester 4,5,29,1,4,4,5,3,5,3,2,Tidak,,Sangat mengganggu ğŸ˜–,"Aplikasi kencan (Tinder, Bumble, dll) ğŸ”¥",Perempuan,School of Computer Science,Tidak,Pernah
5/21/2025 17:37:15,20,Semester 4,3,16,2,3,5,2,2,2,3,4,Tidak,,Sangat mendukung ğŸ˜,Melalui teman ğŸ¤,Perempuan,Faculty of Engineering,Tidak,Pernah
5/21/2025 17:40:27,21,Semester 4,3,24,2,4,3,4,4,5,2,4,Tidak,,Cukup mengganggu ğŸ˜•,"Aplikasi kencan (Tinder, Bumble, dll) ğŸ”¥",Laki-laki,School of Computer Science,Ya,Pernah
5/21/2025 17:45:51,19,Semester 4,,,,,,,,,,,,,,,Laki-laki,Faculty of Engineering,,Belum pernah
5/21/2025 18:01:15,19,Semester 2,2,17,3,4,4,2,5,3,3,4,Tidak,,Sangat mendukung ğŸ˜,Melalui teman ğŸ¤,Perempuan,School of Computer Science,Ya,Pernah
5/21/2025 18:11:48,21,Semester 6,1,7,0,2,4,2,3,2,3,3,Tidak,,Cukup mengganggu ğŸ˜•,Melalui teman ğŸ¤,Perempuan,School of Computer Science,Ya,Pernah
5/21/2025 18:38:02,22,Semester 6,,,,,,,,,,,,,,,Perempuan,Faculty of Digital Communication and Hotel and Tourism,,Belum pernah
5/21/2025 18:55:56,18,Semester 2,,,,,,,,,,,,,,,Perempuan,School of Computer Science,,Belum pernah
5/21/2025 19:17:00,21,Semester 4,1,3,4,4,5,3,5,3,4,2,Tidak,,Sangat mengganggu ğŸ˜–,"Aplikasi kencan (Tinder, Bumble, dll) ğŸ”¥",Perempuan,School of Information Systems,Ya,Pernah
5/21/2025 19:18:48,23,Semester 6,3,8,3,2,5,4,2,5,4,5,Tidak,,Sangat mengganggu ğŸ˜–,"Aplikasi kencan (Tinder, Bumble, dll) ğŸ”¥",Perempuan,School of Computer Science,Ya,Pernah
5/21/2025 19:23:01,19,Semester 2,4,8,1,3,3,4,2,4,5,4,Tidak,,Sangat mendukung ğŸ˜,Di kampus/organisasi ğŸ«,Perempuan,School of Computer Science,Tidak,Pernah
5/21/2025 19:57:31,19,Semester 4,,,,,,,,,,,,,,,Perempuan,Faculty of Engineering,,Belum pernah
5/21/2025 20:55:15,20,Semester 4,5,11,4,5,4,4,3,3,3,3,Tidak,,Sangat mendukung ğŸ˜,Di kampus/organisasi ğŸ«,Perempuan,Faculty of Digital Communication and Hotel and Tourism,Ya,Pernah
5/21/2025 20:58:13,21,Semester 4,,,,,,,,,,,,,,,Laki-laki,School of Information Systems,,Belum pernah
5/21/2025 21:14:07,23,Semester 6,3,25,2,2,2,3,3,2,5,3,Ya,Naik,Netral ğŸ˜,"Media sosial (Instagram, Twitter, dsb.) ğŸ“±",Perempuan,School of Computer Science,Tidak,Pernah
5/21/2025 21:19:28,19,Semester 4,3,11,1,4,4,5,4,5,2,5,Tidak,,Cukup mendukung ğŸ˜Š,Di kampus/organisasi ğŸ«,Perempuan,School of Accounting,Tidak,Pernah
5/21/2025 21:32:30,18,Semester 2,,,,,,,,,,,,,,,Laki-laki,Faculty of Engineering,,Belum pernah
5/21/2025 21:33:10,19,Semester 4,,,,,,,,,,,,,,,Perempuan,Faculty of Humanities,,Belum pernah
5/21/2025 23:49:46,19,Semester 2,,,,,,,,,,,,,,,Laki-laki,School of Information Systems,,Belum pernah
5/22/2025 0:25:59,20,Semester 6,1,6,4,3,3,3,4,2,5,4,Ya,Naik,Netral ğŸ˜,Di kampus/organisasi ğŸ«,Perempuan,School of Computer Science,Tidak,Pernah
5/22/2025 3:30:48,20,Semester 6,4,14,4,2,4,2,2,2,5,3,Tidak,,Netral ğŸ˜,"Aplikasi kencan (Tinder, Bumble, dll) ğŸ”¥",Laki-laki,School of Design,Ya,Pernah
5/22/2025 4:44:50,19,Semester 4,4,8,2,5,5,3,5,2,2,4,Ya,Naik,Sangat mengganggu ğŸ˜–,"Aplikasi kencan (Tinder, Bumble, dll) ğŸ”¥",Laki-laki,School of Computer Science,Ya,Pernah
5/22/2025 11:09:06,19,Semester 4,5,13,1,3,3,5,4,2,2,5,Ya,Naik,Netral ğŸ˜,Melalui teman ğŸ¤,Laki-laki,School of Computer Science,Ya,Pernah
5/22/2025 11:36:49,20,Semester 4,3,26,1,2,4,4,5,5,2,4,Ya,Naik,Sangat mendukung ğŸ˜,Di kampus/organisasi ğŸ«,Perempuan,School of Computer Science,Ya,Pernah
5/22/2025 12:09:22,23,Semester 6,4,30,3,2,3,2,3,2,4,3,Tidak,,Cukup mendukung ğŸ˜Š,Melalui teman ğŸ¤,Perempuan,School of Information Systems,Ya,Pernah
5/22/2025 12:30:41,18,Semester 2,2,35,2,3,4,3,3,3,4,5,Tidak,,Cukup mengganggu ğŸ˜•,Di kampus/organisasi ğŸ«,Perempuan,School of Computer Science,Tidak,Pernah
5/22/2025 12:36:15,21,Semester 4,1,33,2,3,3,3,3,4,4,3,Tidak,,Sangat mendukung ğŸ˜,Di kampus/organisasi ğŸ«,Perempuan,School of Computer Science,Ya,Pernah
5/22/2025 13:29:26,20,Semester 6,4,19,1,4,4,5,3,3,3,5,Ya,Turun,Sangat mengganggu ğŸ˜–,Melalui teman ğŸ¤,Perempuan,School of Design,Tidak,Pernah
5/22/2025 13:45:21,19,Semester 4,,,,,,,,,,,,,,,Laki-laki,School of Computer Science,,Belum pernah
5/22/2025 14:34:37,20,Semester 4,,,,,,,,,,,,,,,Laki-laki,Faculty of Humanities,,Belum pernah
5/22/2025 15:35:43,21,Semester 4,1,4,4,5,4,2,3,3,3,5,Tidak,,Sangat mengganggu ğŸ˜–,Melalui teman ğŸ¤,Laki-laki,School of Accounting,Ya,Pernah
5/22/2025 15:40:21,19,Semester 4,3,11,3,3,2,4,5,2,5,2,Ya,Naik,Sangat mengganggu ğŸ˜–,Di kampus/organisasi ğŸ«,Perempuan,Faculty of Humanities,Ya,Pernah
5/22/2025 15:47:46,20,Semester 6,4,13,1,2,2,5,2,4,2,3,Ya,Naik,Sangat mengganggu ğŸ˜–,Melalui teman ğŸ¤,Laki-laki,BINUS Business School,Ya,Pernah
5/22/2025 16:15:18,20,Semester 4,,,,,,,,,,,,,,,Laki-laki,School of Design,,Belum pernah
5/22/2025 16:15:21,19,Semester 2,,,,,,,,,,,,,,,Perempuan,BINUS Business School,,Belum pernah
5/22/2025 16:21:53,19,Semester 4,5,7,3,2,5,4,5,2,5,3,Ya,Naik,Sangat mendukung ğŸ˜,"Media sosial (Instagram, Twitter, dsb.) ğŸ“±",Laki-laki,School of Computer Science,Ya,Pernah
5/22/2025 16:28:39,21,Semester 4,,,,,,,,,,,,,,,Laki-laki,School of Accounting,,Belum pernah
5/22/2025 16:41:13,19,Semester 4,1,18,1,2,5,5,2,2,3,3,Tidak,,Sangat mendukung ğŸ˜,"Media sosial (Instagram, Twitter, dsb.) ğŸ“±",Laki-laki,School of Computer Science,Ya,Pernah
5/22/2025 16:54:17,20,Semester 4,2,18,4,5,5,2,4,4,2,3,Tidak,,Sangat mengganggu ğŸ˜–,Di kampus/organisasi ğŸ«,Perempuan,School of Accounting,Tidak,Pernah
5/22/2025 17:17:14,21,Semester 4,1,24,2,4,3,5,5,5,4,4,Tidak,,Sangat mendukung ğŸ˜,Melalui teman ğŸ¤,Laki-laki,BINUS Business School,Tidak,Pernah
5/22/2025 17:25:33,21,Semester 4,3,11,1,4,4,2,3,3,3,2,Tidak,,Sangat mendukung ğŸ˜,Di kampus/organisasi ğŸ«,Laki-laki,BINUS Business School,Tidak,Pernah
5/22/2025 17:30:08,20,Semester 4,2,13,2,4,3,5,3,4,2,5,Ya,Turun,Cukup mendukung ğŸ˜Š,Di kampus/organisasi ğŸ«,Laki-laki,BINUS Business School,Ya,Pernah
5/22/2025 17:47:16,21,Semester 4,5,17,1,2,4,2,2,3,2,2,Tidak,,Cukup mengganggu ğŸ˜•,Di kampus/organisasi ğŸ«,Laki-laki,School of Design,Tidak,Pernah
5/22/2025 18:48:49,22,Semester 6,4,19,2,4,5,3,2,2,3,3,Tidak,,Sangat mengganggu ğŸ˜–,Di kampus/organisasi ğŸ«,Laki-laki,School of Design,Tidak,Pernah
5/22/2025 18:54:26,19,Semester 4,,,,,,,,,,,,,,,Laki-laki,School of Computer Science,,Belum pernah
5/22/2025 18:55:45,21,Semester 4,,,,,,,,,,,,,,,Perempuan,School of Accounting,,Belum pernah
5/22/2025 19:11:16,22,Semester 6,,,,,,,,,,,,,,,Laki-laki,Faculty of Engineering,,Belum pernah
5/22/2025 19:27:47,21,Semester 4,1,23,3,3,3,3,4,5,5,5,Tidak,,Sangat mengganggu ğŸ˜–,Di kampus/organisasi ğŸ«,Laki-laki,School of Computer Science,Tidak,Pernah
5/22/2025 19:47:43,21,Semester 4,,,,,,,,,,,,,,,Perempuan,School of Computer Science,,Belum pernah
5/22/2025 20:38:30,21,Semester 4,2,32,3,4,4,2,2,2,2,5,Tidak,,Netral ğŸ˜,Di kampus/organisasi ğŸ«,Perempuan,School of Computer Science,Ya,Pernah
5/22/2025 21:21:12,23,Semester 6,4,15,3,3,2,4,4,2,4,4,Tidak,,Cukup mendukung ğŸ˜Š,"Aplikasi kencan (Tinder, Bumble, dll) ğŸ”¥",Laki-laki,School of Design,Ya,Pernah
5/22/2025 21:52:10,19,Semester 4,2,27,3,4,3,4,2,3,3,3,Ya,Naik,Cukup mendukung ğŸ˜Š,Melalui teman ğŸ¤,Laki-laki,School of Computer Science,Ya,Pernah
5/22/2025 21:56:44,22,Semester 6,1,10,2,5,2,5,5,5,2,3,Ya,Turun,Sangat mendukung ğŸ˜,Melalui teman ğŸ¤,Laki-laki,School of Design,Ya,Pernah
5/22/2025 23:05:26,21,Semester 4,5,13,1,4,3,2,4,2,3,5,Tidak,,Netral ğŸ˜,Melalui teman ğŸ¤,Laki-laki,School of Computer Science,Ya,Pernah
5/22/2025 23:29:37,19,Semester 2,4,36,2,3,3,4,2,3,4,3,Ya,Naik,Sangat mengganggu ğŸ˜–,Di kampus/organisasi ğŸ«,Laki-laki,School of Computer Science,Ya,Pernah
5/22/2025 23:32:33,18,Semester 2,1,10,3,3,4,3,5,5,5,5,Tidak,,Cukup mendukung ğŸ˜Š,"Aplikasi kencan (Tinder, Bumble, dll) ğŸ”¥",Perempuan,School of Computer Science,Ya,Pernah
5/22/2025 23:46:56,19,Semester 4,,,,,,,,,,,,,,,Laki-laki,School of Computer Science,,Belum pernah
5/23/2025 4:35:01,20,Semester 4,1,10,3,4,2,2,2,5,3,2,Tidak,,Cukup mendukung ğŸ˜Š,Di kampus/organisasi ğŸ«,Laki-laki,BINUS Business School,Tidak,Pernah
5/23/2025 8:50:19,19,Semester 2,2,23,4,4,5,2,4,5,5,5,Tidak,,Sangat mendukung ğŸ˜,Melalui teman ğŸ¤,Perempuan,School of Computer Science,Tidak,Pernah
5/23/2025 10:37:53,19,Semester 4,5,23,3,2,3,3,5,3,5,3,Tidak,,Sangat mendukung ğŸ˜,"Media sosial (Instagram, Twitter, dsb.) ğŸ“±",Laki-laki,Faculty of Humanities,Tidak,Pernah
5/23/2025 12:06:56,20,Semester 6,,,,,,,,,,,,,,,Perempuan,School of Information Systems,,Belum pernah
5/23/2025 12:23:06,18,Semester 2,1,9,1,5,5,4,3,3,3,3,Tidak,,Cukup mendukung ğŸ˜Š,"Aplikasi kencan (Tinder, Bumble, dll) ğŸ”¥",Perempuan,School of Information Systems,Tidak,Pernah
5/23/2025 12:24:55,18,Semester 2,,,,,,,,,,,,,,,Perempuan,School of Computer Science,,Belum pernah
5/23/2025 13:30:18,19,Semester 4,,,,,,,,,,,,,,,Perempuan,Faculty of Humanities,,Belum pernah
5/23/2025 13:35:43,21,Semester 6,5,6,0,5,5,3,3,5,5,3,Ya,Turun,Sangat mendukung ğŸ˜,"Aplikasi kencan (Tinder, Bumble, dll) ğŸ”¥",Laki-laki,School of Design,Ya,Pernah
5/23/2025 14:13:59,21,Semester 4,4,11,2,3,5,4,3,3,4,3,Ya,Turun,Cukup mengganggu ğŸ˜•,Melalui teman ğŸ¤,Laki-laki,School of Accounting,Tidak,Pernah
5/23/2025 15:07:07,20,Semester 6,3,21,2,2,2,4,4,4,2,5,Tidak,,Sangat mengganggu ğŸ˜–,"Aplikasi kencan (Tinder, Bumble, dll) ğŸ”¥",Laki-laki,School of Accounting,Tidak,Pernah
5/23/2025 15:18:24,20,Semester 4,,,,,,,,,,,,,,,Laki-laki,Faculty of Digital Communication and Hotel and Tourism,,Belum pernah
5/23/2025 15:21:05,19,Semester 4,3,18,2,4,4,3,3,5,2,4,Tidak,,Cukup mendukung ğŸ˜Š,"Aplikasi kencan (Tinder, Bumble, dll) ğŸ”¥",Perempuan,Faculty of Humanities,Tidak,Pernah
5/23/2025 15:21:07,19,Semester 2,3,35,2,2,2,3,5,2,3,5,Tidak,,Sangat mendukung ğŸ˜,Melalui teman ğŸ¤,Laki-laki,School of Design,Ya,Pernah
5/23/2025 15:40:48,21,Semester 4,3,33,2,5,2,3,2,5,3,3,Ya,Naik,Cukup mengganggu ğŸ˜•,"Media sosial (Instagram, Twitter, dsb.) ğŸ“±",Laki-laki,School of Computer Science,Ya,Pernah
5/23/2025 16:05:42,19,Semester 2,5,18,2,4,4,5,5,5,3,3,Ya,Turun,Cukup mengganggu ğŸ˜•,Melalui teman ğŸ¤,Perempuan,School of Computer Science,Tidak,Pernah
5/23/2025 16:56:30,20,Semester 4,2,12,2,2,3,2,4,2,5,5,Tidak,,Sangat mendukung ğŸ˜,Melalui teman ğŸ¤,Laki-laki,School of Computer Science,Ya,Pernah
5/23/2025 17:11:35,19,Semester 4,3,30,1,5,2,2,4,2,3,5,Ya,Turun,Sangat mengganggu ğŸ˜–,"Aplikasi kencan (Tinder, Bumble, dll) ğŸ”¥",Perempuan,Faculty of Digital Communication and Hotel and Tourism,Ya,Pernah
5/23/2025 17:22:04,21,Semester 4,3,8,1,2,2,2,3,4,5,5,Ya,Naik,Sangat mendukung ğŸ˜,"Aplikasi kencan (Tinder, Bumble, dll) ğŸ”¥",Laki-laki,School of Computer Science,Tidak,Pernah
5/23/2025 17:22:12,19,Semester 4,2,7,1,3,2,2,4,2,2,2,Ya,Naik,Cukup mengganggu ğŸ˜•,Melalui teman ğŸ¤,Perempuan,School of Design,Ya,Pernah
5/23/2025 17:27:24,19,Semester 4,,,,,,,,,,,,,,,Perempuan,Faculty of Humanities,,Belum pernah
5/23/2025 17:37:03,21,Semester 4,,,,,,,,,,,,,,,Laki-laki,Faculty of Digital Communication and Hotel and Tourism,,Belum pernah
5/23/2025 17:45:00,23,Semester 6,5,6,4,4,4,4,3,5,3,4,Tidak,,Netral ğŸ˜,"Media sosial (Instagram, Twitter, dsb.) ğŸ“±",Laki-laki,School of Information Systems,Ya,Pernah
5/23/2025 17:55:35,20,Semester 6,2,20,2,2,3,5,4,2,2,4,Tidak,,Sangat mengganggu ğŸ˜–,Di kampus/organisasi ğŸ«,Laki-laki,School of Information Systems,Tidak,Pernah
5/23/2025 18:00:44,18,Semester 2,4,7,1,2,4,2,4,4,3,4,Tidak,,Cukup mendukung ğŸ˜Š,Melalui teman ğŸ¤,Perempuan,School of Computer Science,Tidak,Pernah
5/23/2025 18:22:12,21,Semester 4,,,,,,,,,,,,,,,Laki-laki,School of Computer Science,,Belum pernah
5/23/2025 18:27:46,20,Semester 4,5,32,4,4,4,4,2,5,4,5,Tidak,,Sangat mengganggu ğŸ˜–,"Media sosial (Instagram, Twitter, dsb.) ğŸ“±",Perempuan,School of Computer Science,Tidak,Pernah
5/23/2025 18:35:32,18,Semester 2,,,,,,,,,,,,,,,Laki-laki,School of Accounting,,Belum pernah
5/23/2025 18:40:02,20,Semester 4,4,5,1,3,3,2,3,3,5,4,Tidak,,Cukup mendukung ğŸ˜Š,Di kampus/organisasi ğŸ«,Laki-laki,Faculty of Engineering,Tidak,Pernah
5/23/2025 18:41:22,20,Semester 4,,,,,,,,,,,,,,,Perempuan,School of Information Systems,,Belum pernah
5/23/2025 18:50:37,21,Semester 4,,,,,,,,,,,,,,,Laki-laki,School of Computer Science,,Belum pernah
5/23/2025 19:05:02,20,Semester 4,5,26,4,2,4,2,2,5,4,3,Tidak,,Netral ğŸ˜,"Media sosial (Instagram, Twitter, dsb.) ğŸ“±",Perempuan,Faculty of Engineering,Ya,Pernah
5/23/2025 19:34:50,20,Semester 4,3,25,4,3,3,5,5,4,4,3,Tidak,,Cukup mengganggu ğŸ˜•,"Media sosial (Instagram, Twitter, dsb.) ğŸ“±",Perempuan,School of Accounting,Ya,Pernah
5/23/2025 19:39:27,20,Semester 4,,,,,,,,,,,,,,,Laki-laki,Faculty of Engineering,,Belum pernah
5/23/2025 21:08:56,18,Semester 2,4,29,3,5,5,2,5,5,3,2,Ya,Naik,Sangat mendukung ğŸ˜,Melalui teman ğŸ¤,Laki-laki,Faculty of Engineering,Tidak,Pernah
5/23/2025 21:35:34,21,Semester 6,2,15,3,5,5,4,3,3,4,3,Tidak,,Sangat mendukung ğŸ˜,Melalui teman ğŸ¤,Laki-laki,School of Computer Science,Ya,Pernah
5/23/2025 21:40:53,20,Semester 4,,,,,,,,,,,,,,,Laki-laki,School of Design,,Belum pernah
5/23/2025 23:25:10,21,Semester 4,5,17,3,2,4,4,2,5,4,4,Ya,Naik,Netral ğŸ˜,"Media sosial (Instagram, Twitter, dsb.) ğŸ“±",Laki-laki,School of Computer Science,Tidak,Pernah
5/23/2025 23:47:40,20,Semester 6,,,,,,,,,,,,,,,Laki-laki,Faculty of Digital Communication and Hotel and Tourism,,Belum pernah
5/24/2025 3:42:33,19,Semester 4,3,15,1,2,2,4,2,4,3,5,Tidak,,Sangat mendukung ğŸ˜,"Aplikasi kencan (Tinder, Bumble, dll) ğŸ”¥",Laki-laki,School of Computer Science,Tidak,Pernah
5/24/2025 11:58:08,19,Semester 4,,,,,,,,,,,,,,,Laki-laki,Faculty of Engineering,,Belum pernah
5/24/2025 13:10:10,21,Semester 4,2,15,2,5,5,3,4,4,3,2,Ya,Naik,Sangat mengganggu ğŸ˜–,Di kampus/organisasi ğŸ«,Perempuan,School of Computer Science,Ya,Pernah
5/24/2025 14:00:15,21,Semester 4,,,,,,,,,,,,,,,Perempuan,School of Accounting,,Belum pernah
5/24/2025 14:57:59,23,Semester 6,1,8,2,3,5,2,3,5,5,3,Ya,Turun,Sangat mendukung ğŸ˜,Di kampus/organisasi ğŸ«,Laki-laki,School of Computer Science,Ya,Pernah
5/24/2025 14:59:54,20,Semester 4,,,,,,,,,,,,,,,Laki-laki,School of Computer Science,,Belum pernah
5/24/2025 15:11:15,20,Semester 6,,,,,,,,,,,,,,,Laki-laki,School of Design,,Belum pernah
5/24/2025 15:22:16,19,Semester 4,,,,,,,,,,,,,,,Perempuan,School of Information Systems,,Belum pernah
5/24/2025 15:43:35,20,Semester 4,,,,,,,,,,,,,,,Laki-laki,School of Computer Science,,Belum pernah
5/24/2025 16:33:41,20,Semester 4,,,,,,,,,,,,,,,Laki-laki,School of Design,,Belum pernah
5/24/2025 17:07:00,21,Semester 4,,,,,,,,,,,,,,,Perempuan,Faculty of Engineering,,Belum pernah
5/24/2025 17:27:46,19,Semester 2,5,33,1,2,3,3,3,5,2,3,Tidak,,Cukup mendukung ğŸ˜Š,"Media sosial (Instagram, Twitter, dsb.) ğŸ“±",Perempuan,School of Computer Science,Tidak,Pernah
5/24/2025 17:40:45,21,Semester 6,4,4,1,4,3,4,5,2,2,5,Tidak,,Cukup mendukung ğŸ˜Š,"Media sosial (Instagram, Twitter, dsb.) ğŸ“±",Laki-laki,School of Accounting,Ya,Pernah
5/24/2025 17:57:55,20,Semester 4,,,,,,,,,,,,,,,Laki-laki,School of Information Systems,,Belum pernah
5/24/2025 18:42:21,20,Semester 6,4,17,3,3,4,2,5,5,5,3,Tidak,,Cukup mendukung ğŸ˜Š,"Aplikasi kencan (Tinder, Bumble, dll) ğŸ”¥",Perempuan,School of Computer Science,Ya,Pernah
5/24/2025 19:03:53,19,Semester 4,2,14,1,4,5,3,5,5,4,2,Tidak,,Netral ğŸ˜,"Media sosial (Instagram, Twitter, dsb.) ğŸ“±",Laki-laki,School of Computer Science,Tidak,Pernah
5/24/2025 19:52:36,18,Semester 2,4,29,2,2,3,4,4,4,4,4,Ya,Turun,Netral ğŸ˜,Di kampus/organisasi ğŸ«,Laki-laki,School of Computer Science,Tidak,Pernah
5/24/2025 20:57:34,19,Semester 4,4,36,1,3,3,3,3,4,5,3,Tidak,,Sangat mengganggu ğŸ˜–,Di kampus/organisasi ğŸ«,Laki-laki,Faculty of Engineering,Ya,Pernah
5/24/2025 20:58:22,21,Semester 4,5,13,1,4,3,4,5,5,3,4,Ya,Turun,Netral ğŸ˜,"Media sosial (Instagram, Twitter, dsb.) ğŸ“±",Laki-laki,School of Computer Science,Tidak,Pernah
5/24/2025 21:35:19,20,Semester 4,5,30,4,4,3,3,4,2,3,5,Tidak,,Sangat mendukung ğŸ˜,"Aplikasi kencan (Tinder, Bumble, dll) ğŸ”¥",Perempuan,Faculty of Digital Communication and Hotel and Tourism,Tidak,Pernah
5/24/2025 21:43:07,19,Semester 4,2,34,2,2,4,3,5,2,4,3,Ya,Turun,Sangat mendukung ğŸ˜,"Aplikasi kencan (Tinder, Bumble, dll) ğŸ”¥",Laki-laki,School of Computer Science,Tidak,Pernah
5/24/2025 22:13:55,19,Semester 4,1,19,3,4,3,3,2,5,2,2,Ya,Turun,Cukup mengganggu ğŸ˜•,Di kampus/organisasi ğŸ«,Laki-laki,BINUS Business School,Ya,Pernah
5/24/2025 23:24:23,18,Semester 2,1,21,1,4,3,5,3,4,5,3,Tidak,,Netral ğŸ˜,Di kampus/organisasi ğŸ«,Perempuan,School of Design,Ya,Pernah
5/24/2025 23:25:09,19,Semester 4,,,,,,,,,,,,,,,Laki-laki,Faculty of Engineering,,Belum pernah
5/24/2025 23:46:07,21,Semester 4,5,20,4,4,2,4,3,2,3,5,Tidak,,Sangat mendukung ğŸ˜,Melalui teman ğŸ¤,Laki-laki,Faculty of Engineering,Ya,Pernah
5/25/2025 9:52:36,19,Semester 4,5,15,4,3,4,3,2,5,2,4,Ya,Naik,Netral ğŸ˜,Di kampus/organisasi ğŸ«,Laki-laki,School of Computer Science,Ya,Pernah
5/25/2025 12:10:28,20,Semester 4,3,34,2,5,3,4,3,2,4,4,Tidak,,Netral ğŸ˜,"Aplikasi kencan (Tinder, Bumble, dll) ğŸ”¥",Perempuan,School of Computer Science,Ya,Pernah
5/25/2025 12:58:47,21,Semester 4,3,16,3,5,4,2,2,4,3,5,Tidak,,Netral ğŸ˜,Melalui teman ğŸ¤,Laki-laki,BINUS Business School,Tidak,Pernah
5/25/2025 13:19:15,21,Semester 4,2,18,3,2,2,3,2,2,5,2,Ya,Naik,Cukup mengganggu ğŸ˜•,Melalui teman ğŸ¤,Laki-laki,School of Computer Science,Tidak,Pernah
5/25/2025 14:16:04,20,Semester 4,1,14,1,5,2,2,3,3,5,5,Tidak,,Sangat mengganggu ğŸ˜–,"Aplikasi kencan (Tinder, Bumble, dll) ğŸ”¥",Laki-laki,School of Computer Science,Ya,Pernah
5/25/2025 14:24:14,20,Semester 6,4,24,3,2,2,5,3,4,2,5,Tidak,,Sangat mengganggu ğŸ˜–,"Media sosial (Instagram, Twitter, dsb.) ğŸ“±",Laki-laki,School of Computer Science,Ya,Pernah
5/25/2025 14:49:42,21,Semester 4,3,15,2,2,3,4,2,2,4,2,Tidak,,Netral ğŸ˜,"Aplikasi kencan (Tinder, Bumble, dll) ğŸ”¥",Perempuan,School of Information Systems,Ya,Pernah
5/25/2025 15:29:09,19,Semester 4,,,,,,,,,,,,,,,Laki-laki,School of Computer Science,,Belum pernah
5/25/2025 15:58:11,19,Semester 2,3,26,2,5,5,2,2,5,5,2,Ya,Turun,Cukup mengganggu ğŸ˜•,Melalui teman ğŸ¤,Perempuan,School of Computer Science,Ya,Pernah
5/25/2025 16:09:03,20,Semester 4,,,,,,,,,,,,,,,Perempuan,School of Computer Science,,Belum pernah
5/25/2025 16:34:00,19,Semester 2,,,,,,,,,,,,,,,Perempuan,School of Computer Science,,Belum pernah
5/25/2025 16:35:58,21,Semester 4,5,27,3,4,3,4,5,5,3,2,Tidak,,Netral ğŸ˜,"Media sosial (Instagram, Twitter, dsb.) ğŸ“±",Perempuan,School of Information Systems,Ya,Pernah
5/25/2025 17:01:23,19,Semester 4,3,22,1,5,5,3,5,4,4,5,Tidak,,Cukup mendukung ğŸ˜Š,"Media sosial (Instagram, Twitter, dsb.) ğŸ“±",Laki-laki,School of Computer Science,Ya,Pernah
5/25/2025 17:11:22,21,Semester 6,,,,,,,,,,,,,,,Perempuan,School of Design,,Belum pernah
5/25/2025 17:51:34,18,Semester 2,,,,,,,,,,,,,,,Laki-laki,School of Computer Science,,Belum pernah
5/25/2025 17:53:42,18,Semester 2,2,17,3,5,5,5,2,2,5,5,Tidak,,Cukup mendukung ğŸ˜Š,"Aplikasi kencan (Tinder, Bumble, dll) ğŸ”¥",Laki-laki,School of Computer Science,Tidak,Pernah
5/25/2025 18:26:01,20,Semester 4,,,,,,,,,,,,,,,Laki-laki,School of Information Systems,,Belum pernah
5/25/2025 19:14:39,19,Semester 4,3,32,2,3,4,5,4,5,5,3,Tidak,,Sangat mendukung ğŸ˜,"Aplikasi kencan (Tinder, Bumble, dll) ğŸ”¥",Laki-laki,School of Accounting,Tidak,Pernah
5/25/2025 19:40:05,23,Semester 6,3,30,4,4,3,4,3,2,2,5,Ya,Turun,Cukup mengganggu ğŸ˜•,"Aplikasi kencan (Tinder, Bumble, dll) ğŸ”¥",Laki-laki,School of Computer Science,Tidak,Pernah
5/25/2025 19:42:29,23,Semester 6,4,27,1,5,2,5,5,3,5,2,Tidak,,Sangat mendukung ğŸ˜,Di kampus/organisasi ğŸ«,Laki-laki,BINUS Business School,Tidak,Pernah
5/25/2025 19:49:41,21,Semester 6,1,25,1,2,3,5,5,2,3,4,Ya,Turun,Sangat mengganggu ğŸ˜–,"Aplikasi kencan (Tinder, Bumble, dll) ğŸ”¥",Perempuan,School of Computer Science,Tidak,Pernah
5/25/2025 20:16:51,19,Semester 2,,,,,,,,,,,,,,,Perempuan,School of Information Systems,,Belum pernah
5/25/2025 20:23:02,21,Semester 4,1,6,4,4,3,3,2,5,3,5,Tidak,,Netral ğŸ˜,Di kampus/organisasi ğŸ«,Perempuan,School of Accounting,Tidak,Pernah
5/25/2025 20:52:13,18,Semester 2,5,12,1,3,3,2,3,4,3,3,Ya,Naik,Sangat mendukung ğŸ˜,"Aplikasi kencan (Tinder, Bumble, dll) ğŸ”¥",Perempuan,School of Computer Science,Tidak,Pernah
5/25/2025 21:49:09,20,Semester 4,2,23,1,3,2,2,4,4,5,2,Tidak,,Sangat mengganggu ğŸ˜–,Melalui teman ğŸ¤,Perempuan,School of Computer Science,Tidak,Pernah
5/25/2025 21:52:45,20,Semester 4,2,19,3,3,3,3,2,5,4,2,Ya,Naik,Sangat mendukung ğŸ˜,Di kampus/organisasi ğŸ«,Laki-laki,School of Design,Tidak,Pernah
5/25/2025 21:55:05,19,Semester 4,,,,,,,,,,,,,,,Laki-laki,School of Accounting,,Belum pernah
5/25/2025 22:10:18,20,Semester 6,,,,,,,,,,,,,,,Laki-laki,BINUS Business School,,Belum pernah
5/25/2025 22:41:58,19,Semester 4,,,,,,,,,,,,,,,Laki-laki,School of Design,,Belum pernah
5/25/2025 23:07:45,21,Semester 4,1,22,2,4,2,4,4,5,4,2,Ya,Turun,Sangat mengganggu ğŸ˜–,"Media sosial (Instagram, Twitter, dsb.) ğŸ“±",Perempuan,School of Computer Science,Ya,Pernah
5/25/2025 23:35:43,19,Semester 4,5,29,4,3,3,2,2,4,4,2,Tidak,,Sangat mengganggu ğŸ˜–,Di kampus/organisasi ğŸ«,Perempuan,Faculty of Engineering,Ya,Pernah
5/26/2025 1:39:48,21,Semester 4,5,12,4,4,5,3,2,4,2,3,Tidak,,Sangat mengganggu ğŸ˜–,Melalui teman ğŸ¤,Perempuan,School of Computer Science,Tidak,Pernah
5/26/2025 4:10:49,20,Semester 4,2,21,2,3,4,2,2,3,2,2,Tidak,,Sangat mendukung ğŸ˜,Di kampus/organisasi ğŸ«,Perempuan,School of Design,Ya,Pernah
5/26/2025 9:43:37,21,Semester 4,4,33,1,2,2,3,5,2,3,2,Ya,Naik,Cukup mengganggu ğŸ˜•,Melalui teman ğŸ¤,Laki-laki,School of Computer Science,Ya,Pernah
5/26/2025 12:32:35,19,Semester 4,,,,,,,,,,,,,,,Laki-laki,School of Computer Science,,Belum pernah
5/26/2025 12:44:51,19,Semester 4,4,11,1,2,4,5,4,4,2,2,Tidak,,Cukup mendukung ğŸ˜Š,Melalui teman ğŸ¤,Perempuan,School of Accounting,Tidak,Pernah
5/26/2025 13:02:39,19,Semester 4,4,33,1,2,4,2,5,3,2,4,Ya,Turun,Netral ğŸ˜,"Aplikasi kencan (Tinder, Bumble, dll) ğŸ”¥",Laki-laki,School of Design,Tidak,Pernah
5/26/2025 13:45:46,19,Semester 2,1,22,1,4,2,5,2,2,3,4,Tidak,,Cukup mengganggu ğŸ˜•,Di kampus/organisasi ğŸ«,Perempuan,School of Computer Science,Ya,Pernah
5/26/2025 13:54:03,20,Semester 4,3,35,4,3,4,5,5,2,3,4,Tidak,,Cukup mengganggu ğŸ˜•,Melalui teman ğŸ¤,Laki-laki,Faculty of Humanities,Tidak,Pernah
5/26/2025 13:56:30,21,Semester 4,2,33,1,5,3,3,4,2,4,3,Tidak,,Cukup mengganggu ğŸ˜•,"Aplikasi kencan (Tinder, Bumble, dll) ğŸ”¥",Laki-laki,School of Design,Tidak,Pernah
5/26/2025 14:27:34,21,Semester 4,4,15,4,4,4,2,3,5,5,4,Ya,Turun,Cukup mengganggu ğŸ˜•,Di kampus/organisasi ğŸ«,Perempuan,School of Computer Science,Ya,Pernah
5/26/2025 15:01:14,19,Semester 4,4,11,4,3,2,3,4,4,4,5,Tidak,,Cukup mendukung ğŸ˜Š,"Media sosial (Instagram, Twitter, dsb.) ğŸ“±",Laki-laki,Faculty of Engineering,Tidak,Pernah
5/26/2025 15:05:35,22,Semester 6,4,36,3,3,2,2,3,2,3,3,Tidak,,Sangat mendukung ğŸ˜,"Aplikasi kencan (Tinder, Bumble, dll) ğŸ”¥",Perempuan,School of Computer Science,Tidak,Pernah
5/26/2025 15:13:31,20,Semester 4,1,28,3,5,5,5,2,5,5,2,Tidak,,Sangat mengganggu ğŸ˜–,Di kampus/organisasi ğŸ«,Laki-laki,Faculty of Engineering,Tidak,Pernah
5/26/2025 15:18:59,20,Semester 4,1,10,2,3,4,4,3,5,5,2,Tidak,,Cukup mendukung ğŸ˜Š,Di kampus/organisasi ğŸ«,Perempuan,School of Computer Science,Ya,Pernah
5/26/2025 16:08:53,18,Semester 2,,,,,,,,,,,,,,,Laki-laki,School of Information Systems,,Belum pernah
5/26/2025 16:27:21,21,Semester 4,4,17,3,2,2,2,2,5,4,5,Tidak,,Sangat mendukung ğŸ˜,Di kampus/organisasi ğŸ«,Laki-laki,School of Computer Science,Ya,Pernah
5/26/2025 16:40:41,21,Semester 4,4,15,3,3,4,3,4,2,2,3,Ya,Turun,Sangat mengganggu ğŸ˜–,"Aplikasi kencan (Tinder, Bumble, dll) ğŸ”¥",Perempuan,School of Computer Science,Ya,Pernah
5/26/2025 17:07:33,21,Semester 4,2,33,2,3,3,4,3,2,4,4,Tidak,,Sangat mengganggu ğŸ˜–,Melalui teman ğŸ¤,Perempuan,School of Design,Ya,Pernah
5/26/2025 17:28:19,19,Semester 4,1,31,4,5,4,3,2,5,2,5,Tidak,,Cukup mengganggu ğŸ˜•,Di kampus/organisasi ğŸ«,Perempuan,School of Information Systems,Ya,Pernah
5/26/2025 17:34:38,22,Semester 6,2,26,2,5,2,3,5,3,5,5,Tidak,,Cukup mengganggu ğŸ˜•,"Media sosial (Instagram, Twitter, dsb.) ğŸ“±",Laki-laki,School of Information Systems,Ya,Pernah
5/26/2025 17:34:56,22,Semester 6,2,18,3,4,4,4,3,2,4,5,Ya,Naik,Cukup mengganggu ğŸ˜•,"Media sosial (Instagram, Twitter, dsb.) ğŸ“±",Laki-laki,School of Computer Science,Tidak,Pernah
5/26/2025 18:06:14,21,Semester 6,2,10,2,5,2,3,2,4,4,4,Ya,Turun,Sangat mengganggu ğŸ˜–,"Media sosial (Instagram, Twitter, dsb.) ğŸ“±",Perempuan,School of Computer Science,Tidak,Pernah
5/26/2025 18:22:56,18,Semester 2,1,11,3,4,3,2,5,5,5,2,Tidak,,Sangat mengganggu ğŸ˜–,"Aplikasi kencan (Tinder, Bumble, dll) ğŸ”¥",Laki-laki,School of Computer Science,Ya,Pernah
5/26/2025 19:39:16,20,Semester 6,3,16,1,3,2,3,5,3,2,5,Ya,Naik,Netral ğŸ˜,"Media sosial (Instagram, Twitter, dsb.) ğŸ“±",Perempuan,School of Computer Science,Ya,Pernah
5/26/2025 19:40:49,20,Semester 6,3,28,3,5,3,3,4,2,4,2,Ya,Turun,Sangat mendukung ğŸ˜,"Media sosial (Instagram, Twitter, dsb.) ğŸ“±",Laki-laki,School of Computer Science,Ya,Pernah
5/26/2025 20:04:40,19,Semester 4,,,,,,,,,,,,,,,Laki-laki,School of Design,,Belum pernah
5/26/2025 21:14:02,23,Semester 6,3,34,4,2,5,2,2,4,5,4,Tidak,,Sangat mengganggu ğŸ˜–,"Media sosial (Instagram, Twitter, dsb.) ğŸ“±",Perempuan,School of Computer Science,Tidak,Pernah
5/26/2025 22:17:16,21,Semester 4,4,19,1,4,4,2,5,4,4,3,Ya,Naik,Cukup mengganggu ğŸ˜•,"Media sosial (Instagram, Twitter, dsb.) ğŸ“±",Laki-laki,School of Computer Science,Ya,Pernah
5/26/2025 22:17:30,19,Semester 2,5,19,3,4,5,2,3,3,4,3,Ya,Naik,Sangat mengganggu ğŸ˜–,"Media sosial (Instagram, Twitter, dsb.) ğŸ“±",Perempuan,School of Computer Science,Ya,Pernah
5/26/2025 22:20:38,21,Semester 4,3,26,3,2,4,3,4,4,3,5,Ya,Naik,Sangat mendukung ğŸ˜,Melalui teman ğŸ¤,Laki-laki,School of Computer Science,Ya,Pernah
5/26/2025 22:37:38,21,Semester 4,5,7,3,4,5,5,5,3,3,2,Ya,Naik,Sangat mengganggu ğŸ˜–,"Media sosial (Instagram, Twitter, dsb.) ğŸ“±",Laki-laki,School of Computer Science,Tidak,Pernah
5/26/2025 22:41:16,19,Semester 2,,,,,,,,,,,,,,,Laki-laki,School of Information Systems,,Belum pernah
5/27/2025 3:00:45,18,Semester 2,2,25,4,5,2,3,3,5,5,3,Tidak,,Netral ğŸ˜,Melalui teman ğŸ¤,Perempuan,BINUS Business School,Ya,Pernah
5/27/2025 8:21:32,19,Semester 4,4,4,1,3,2,5,5,5,5,3,Tidak,,Cukup mengganggu ğŸ˜•,"Aplikasi kencan (Tinder, Bumble, dll) ğŸ”¥",Perempuan,School of Computer Science,Ya,Pernah
5/27/2025 12:12:43,20,Semester 4,2,21,2,4,3,2,4,5,3,5,Ya,Naik,Sangat mengganggu ğŸ˜–,Di kampus/organisasi ğŸ«,Laki-laki,School of Design,Ya,Pernah
5/27/2025 12:32:20,19,Semester 2,1,23,3,4,2,2,4,5,5,3,Tidak,,Cukup mengganggu ğŸ˜•,"Aplikasi kencan (Tinder, Bumble, dll) ğŸ”¥",Perempuan,School of Design,Tidak,Pernah
5/27/2025 12:43:37,19,Semester 2,4,5,3,4,4,5,5,4,2,4,Ya,Naik,Cukup mendukung ğŸ˜Š,Di kampus/organisasi ğŸ«,Perempuan,School of Design,Ya,Pernah
5/27/2025 12:45:02,19,Semester 4,5,4,2,5,2,3,2,2,4,3,Ya,Turun,Sangat mengganggu ğŸ˜–,"Aplikasi kencan (Tinder, Bumble, dll) ğŸ”¥",Perempuan,School of Computer Science,Ya,Pernah
5/27/2025 13:31:44,19,Semester 4,3,29,3,2,3,3,4,2,2,2,Tidak,,Sangat mendukung ğŸ˜,Di kampus/organisasi ğŸ«,Perempuan,School of Design,Tidak,Pernah
5/27/2025 14:25:46,20,Semester 4,2,4,3,2,4,3,4,2,2,4,Ya,Turun,Netral ğŸ˜,Di kampus/organisasi ğŸ«,Laki-laki,School of Computer Science,Tidak,Pernah
5/27/2025 14:31:19,18,Semester 4,5,3,10,3,4,3,4,4,3,4,Ya,Turun,Cukup mengganggu ğŸ˜•,Di kampus/organisasi ğŸ«,Laki-laki,School of Accounting,Ya,Pernah
5/27/2025 14:40:53,23,Semester 6,3,8,3,3,2,4,4,4,5,5,Ya,Naik,Cukup mendukung ğŸ˜Š,Di kampus/organisasi ğŸ«,Laki-laki,Faculty of Engineering,Tidak,Pernah
5/27/2025 14:41:31,19,Semester 4,,,,,,,,,,,,,,,Laki-laki,School of Design,,Belum pernah
5/27/2025 14:42:47,21,Semester 6,,,,,,,,,,,,,,,Perempuan,School of Computer Science,,Belum pernah
5/27/2025 14:58:56,19,Semester 2,3,21,2,3,3,2,3,2,2,2,Ya,Naik,Cukup mengganggu ğŸ˜•,"Aplikasi kencan (Tinder, Bumble, dll) ğŸ”¥",Perempuan,School of Computer Science,Ya,Pernah
5/27/2025 15:33:22,19,Semester 4,5,12,2,4,5,3,5,3,2,3,Tidak,,Cukup mengganggu ğŸ˜•,Di kampus/organisasi ğŸ«,Laki-laki,School of Computer Science,Ya,Pernah
5/27/2025 16:13:49,19,Semester 4,,,,,,,,,,,,,,,Laki-laki,School of Design,,Belum pernah
5/27/2025 16:34:07,18,Semester 2,,,,,,,,,,,,,,,Perempuan,Faculty of Digital Communication and Hotel and Tourism,,Belum pernah
5/27/2025 16:49:29,21,Semester 4,2,23,3,2,5,5,2,3,3,5,Tidak,,Sangat mengganggu ğŸ˜–,"Aplikasi kencan (Tinder, Bumble, dll) ğŸ”¥",Perempuan,School of Accounting,Ya,Pernah
5/27/2025 17:02:19,23,Semester 6,4,34,2,5,4,2,2,5,4,4,Ya,Naik,Sangat mengganggu ğŸ˜–,Melalui teman ğŸ¤,Laki-laki,School of Accounting,Ya,Pernah
5/27/2025 17:03:22,19,Semester 2,5,35,3,2,2,5,4,5,2,2,Tidak,,Cukup mendukung ğŸ˜Š,Melalui teman ğŸ¤,Laki-laki,BINUS Business School,Ya,Pernah
5/27/2025 17:06:51,21,Semester 4,1,4,0,3,4,3,4,5,4,2,Ya,Turun,Sangat mengganggu ğŸ˜–,Melalui teman ğŸ¤,Perempuan,School of Computer Science,Ya,Pernah
5/27/2025 17:36:55,19,Semester 4,3,28,2,5,3,5,2,4,4,3,Tidak,,Cukup mendukung ğŸ˜Š,"Aplikasi kencan (Tinder, Bumble, dll) ğŸ”¥",Perempuan,School of Computer Science,Ya,Pernah
5/27/2025 18:45:04,21,Semester 6,5,19,1,5,3,5,2,4,5,2,Ya,Turun,Sangat mengganggu ğŸ˜–,Melalui teman ğŸ¤,Perempuan,School of Computer Science,Ya,Pernah
5/27/2025 18:47:48,18,Semester 2,4,17,2,2,4,2,5,2,4,3,Ya,Turun,Sangat mendukung ğŸ˜,"Aplikasi kencan (Tinder, Bumble, dll) ğŸ”¥",Laki-laki,School of Information Systems,Ya,Pernah
5/27/2025 18:54:39,20,Semester 4,5,9,4,2,2,4,4,3,4,4,Ya,Naik,Cukup mendukung ğŸ˜Š,Melalui teman ğŸ¤,Perempuan,School of Computer Science,Ya,Pernah
5/27/2025 20:07:53,21,Semester 4,4,20,3,5,2,4,3,3,5,2,Ya,Turun,Cukup mengganggu ğŸ˜•,Di kampus/organisasi ğŸ«,Laki-laki,Faculty of Engineering,Ya,Pernah
5/27/2025 20:15:18,19,Semester 4,,,,,,,,,,,,,,,Perempuan,School of Computer Science,,Belum pernah
5/27/2025 20:24:37,19,Semester 2,,,,,,,,,,,,,,,Perempuan,School of Computer Science,,Belum pernah
5/27/2025 20:51:27,19,Semester 4,2,20,1,3,5,3,3,5,5,5,Tidak,,Sangat mengganggu ğŸ˜–,"Media sosial (Instagram, Twitter, dsb.) ğŸ“±",Perempuan,Faculty of Engineering,Tidak,Pernah
5/27/2025 21:31:12,21,Semester 6,5,20,1,2,5,2,3,3,5,3,Tidak,,Cukup mendukung ğŸ˜Š,Di kampus/organisasi ğŸ«,Laki-laki,School of Computer Science,Tidak,Pernah
5/27/2025 21:58:51,22,Semester 6,3,29,1,5,4,3,2,4,3,5,Ya,Naik,Cukup mendukung ğŸ˜Š,"Aplikasi kencan (Tinder, Bumble, dll) ğŸ”¥",Perempuan,School of Information Systems,Ya,Pernah
5/27/2025 22:05:33,21,Semester 4,1,27,4,2,2,5,2,2,2,2,Tidak,,Cukup mendukung ğŸ˜Š,"Aplikasi kencan (Tinder, Bumble, dll) ğŸ”¥",Perempuan,Faculty of Humanities,Tidak,Pernah
5/27/2025 23:41:51,23,Semester 6,1,31,4,4,3,5,3,3,4,3,Tidak,,Cukup mendukung ğŸ˜Š,Di kampus/organisasi ğŸ«,Perempuan,Faculty of Digital Communication and Hotel and Tourism,Tidak,Pernah
5/28/2025 4:57:39,20,Semester 6,4,4,3,4,4,3,3,5,5,5,Tidak,,Cukup mendukung ğŸ˜Š,"Media sosial (Instagram, Twitter, dsb.) ğŸ“±",Laki-laki,School of Computer Science,Tidak,Pernah
5/28/2025 5:16:36,20,Semester 4,2,23,4,2,5,3,3,4,4,2,Tidak,,Netral ğŸ˜,"Aplikasi kencan (Tinder, Bumble, dll) ğŸ”¥",Laki-laki,School of Design,Tidak,Pernah
5/28/2025 7:59:14,20,Semester 4,1,29,3,4,4,2,5,3,2,3,Ya,Naik,Netral ğŸ˜,"Media sosial (Instagram, Twitter, dsb.) ğŸ“±",Perempuan,School of Computer Science,Tidak,Pernah
5/28/2025 8:19:03,20,Semester 4,4,12,4,3,5,3,3,2,3,5,Tidak,,Sangat mendukung ğŸ˜,Di kampus/organisasi ğŸ«,Perempuan,School of Computer Science,Ya,Pernah
5/28/2025 12:15:31,19,Semester 4,4,36,2,5,5,2,3,3,5,4,Ya,Turun,Cukup mendukung ğŸ˜Š,Di kampus/organisasi ğŸ«,Perempuan,School of Computer Science,Ya,Pernah
5/28/2025 12:18:28,20,Semester 4,1,15,2,4,3,4,3,3,3,5,Tidak,,Sangat mendukung ğŸ˜,"Aplikasi kencan (Tinder, Bumble, dll) ğŸ”¥",Laki-laki,School of Computer Science,Tidak,Pernah
5/28/2025 12:27:55,19,Semester 2,5,7,1,4,2,3,4,3,2,4,Ya,Turun,Netral ğŸ˜,Di kampus/organisasi ğŸ«,Laki-laki,School of Design,Ya,Pernah
5/28/2025 12:59:12,18,Semester 2,5,27,2,3,4,3,5,4,4,5,Tidak,,Sangat mengganggu ğŸ˜–,Melalui teman ğŸ¤,Laki-laki,School of Accounting,Tidak,Pernah
5/28/2025 13:25:07,21,Semester 4,3,18,1,5,2,2,4,3,4,4,Ya,Turun,Sangat mendukung ğŸ˜,"Aplikasi kencan (Tinder, Bumble, dll) ğŸ”¥",Perempuan,School of Computer Science,Ya,Pernah
5/28/2025 13:31:43,21,Semester 4,4,36,3,4,2,4,4,2,3,3,Ya,Turun,Sangat mendukung ğŸ˜,Melalui teman ğŸ¤,Perempuan,School of Computer Science,Ya,Pernah
5/28/2025 13:35:04,20,Semester 4,5,19,2,4,2,2,2,4,4,2,Tidak,,Netral ğŸ˜,"Media sosial (Instagram, Twitter, dsb.) ğŸ“±",Perempuan,School of Design,Ya,Pernah
5/28/2025 13:41:31,19,Semester 4,1,23,2,5,5,3,5,3,4,5,Ya,Naik,Cukup mengganggu ğŸ˜•,"Media sosial (Instagram, Twitter, dsb.) ğŸ“±",Laki-laki,School of Computer Science,Tidak,Pernah
5/28/2025 14:22:49,19,Semester 4,5,20,2,3,3,5,4,4,2,5,Tidak,,Cukup mendukung ğŸ˜Š,"Aplikasi kencan (Tinder, Bumble, dll) ğŸ”¥",Laki-laki,School of Computer Science,Ya,Pernah
5/28/2025 14:23:18,23,Semester 6,1,7,4,3,5,5,2,2,2,5,Ya,Turun,Cukup mendukung ğŸ˜Š,"Media sosial (Instagram, Twitter, dsb.) ğŸ“±",Laki-laki,School of Design,Ya,Pernah
5/28/2025 14:42:11,21,Semester 4,5,5,3,4,5,2,4,2,4,5,Ya,Naik,Sangat mendukung ğŸ˜,Melalui teman ğŸ¤,Perempuan,School of Information Systems,Tidak,Pernah
5/28/2025 14:57:21,18,Semester 2,4,34,4,2,3,4,4,3,3,2,Tidak,,Sangat mengganggu ğŸ˜–,Melalui teman ğŸ¤,Laki-laki,School of Computer Science,Ya,Pernah
5/28/2025 15:27:33,18,Semester 2,1,19,1,2,5,3,5,3,2,5,Tidak,,Sangat mendukung ğŸ˜,Di kampus/organisasi ğŸ«,Perempuan,School of Computer Science,Ya,Pernah
5/28/2025 16:10:56,20,Semester 4,5,30,3,4,4,3,5,4,5,5,Ya,Turun,Sangat mengganggu ğŸ˜–,Melalui teman ğŸ¤,Laki-laki,School of Computer Science,Tidak,Pernah
5/28/2025 16:14:21,20,Semester 4,2,5,1,2,3,3,5,5,4,3,Ya,Naik,Cukup mendukung ğŸ˜Š,"Aplikasi kencan (Tinder, Bumble, dll) ğŸ”¥",Laki-laki,Faculty of Humanities,Ya,Pernah
5/28/2025 16:23:10,21,Semester 4,4,6,2,5,4,5,2,3,5,5,Ya,Naik,Netral ğŸ˜,Di kampus/organisasi ğŸ«,Laki-laki,Faculty of Engineering,Ya,Pernah
5/28/2025 16:28:52,19,Semester 2,3,20,2,3,2,5,4,3,5,4,Tidak,,Cukup mendukung ğŸ˜Š,Melalui teman ğŸ¤,Perempuan,School of Computer Science,Ya,Pernah
5/28/2025 17:01:39,23,Semester 6,5,24,1,2,3,5,2,3,2,2,Tidak,,Cukup mendukung ğŸ˜Š,"Media sosial (Instagram, Twitter, dsb.) ğŸ“±",Perempuan,School of Computer Science,Tidak,Pernah
5/28/2025 17:08:43,20,Semester 4,1,23,4,4,4,2,2,3,3,3,Ya,Turun,Sangat mengganggu ğŸ˜–,Melalui teman ğŸ¤,Perempuan,School of Computer Science,Ya,Pernah
5/28/2025 17:38:01,21,Semester 4,1,15,4,3,4,2,3,2,2,2,Ya,Naik,Netral ğŸ˜,Di kampus/organisasi ğŸ«,Perempuan,School of Computer Science,Tidak,Pernah
5/28/2025 17:38:58,19,Semester 4,2,13,4,4,2,4,4,2,2,3,Ya,Naik,Sangat mendukung ğŸ˜,"Media sosial (Instagram, Twitter, dsb.) ğŸ“±",Laki-laki,School of Computer Science,Tidak,Pernah
5/28/2025 17:40:25,21,Semester 4,2,24,1,5,4,3,3,2,4,4,Ya,Naik,Cukup mengganggu ğŸ˜•,"Media sosial (Instagram, Twitter, dsb.) ğŸ“±",Perempuan,School of Design,Ya,Pernah
5/28/2025 17:47:23,20,Semester 4,3,16,4,2,4,3,5,5,3,5,Ya,Naik,Sangat mengganggu ğŸ˜–,"Aplikasi kencan (Tinder, Bumble, dll) ğŸ”¥",Laki-laki,School of Computer Science,Ya,Pernah
5/28/2025 18:44:31,20,Semester 4,2,11,2,5,3,5,3,3,2,3,Tidak,,Cukup mengganggu ğŸ˜•,"Aplikasi kencan (Tinder, Bumble, dll) ğŸ”¥",Laki-laki,School of Computer Science,Ya,Pernah
5/28/2025 18:54:10,18,Semester 2,2,33,1,2,3,4,4,3,5,4,Ya,Turun,Netral ğŸ˜,"Aplikasi kencan (Tinder, Bumble, dll) ğŸ”¥",Perempuan,Faculty of Engineering,Ya,Pernah
5/28/2025 19:16:40,23,Semester 6,4,33,1,5,4,4,2,5,3,4,Ya,Turun,Sangat mengganggu ğŸ˜–,Melalui teman ğŸ¤,Laki-laki,Faculty of Engineering,Ya,Pernah
5/28/2025 19:20:01,20,Semester 6,2,35,2,2,2,4,2,2,2,5,Ya,Turun,Netral ğŸ˜,"Media sosial (Instagram, Twitter, dsb.) ğŸ“±",Laki-laki,School of Computer Science,Ya,Pernah
5/28/2025 20:03:39,21,Semester 4,2,29,2,3,2,5,4,3,5,4,Tidak,,Sangat mendukung ğŸ˜,Di kampus/organisasi ğŸ«,Laki-laki,Faculty of Digital Communication and Hotel and Tourism,Ya,Pernah
5/28/2025 20:08:52,20,Semester 4,1,22,2,3,3,5,3,2,5,4,Ya,Turun,Netral ğŸ˜,"Aplikasi kencan (Tinder, Bumble, dll) ğŸ”¥",Laki-laki,School of Computer Science,Ya,Pernah
5/28/2025 20:26:05,21,Semester 4,2,26,3,4,3,4,4,2,4,2,Tidak,,Netral ğŸ˜,"Media sosial (Instagram, Twitter, dsb.) ğŸ“±",Laki-laki,School of Computer Science,Tidak,Pernah
5/28/2025 21:10:02,21,Semester 4,5,13,1,5,4,4,4,5,4,4,Ya,Turun,Cukup mendukung ğŸ˜Š,"Aplikasi kencan (Tinder, Bumble, dll) ğŸ”¥",Perempuan,School of Computer Science,Tidak,Pernah
5/28/2025 21:48:06,19,Semester 4,4,21,2,4,2,4,5,5,2,2,Tidak,,Cukup mengganggu ğŸ˜•,Melalui teman ğŸ¤,Perempuan,School of Information Systems,Ya,Pernah
5/28/2025 21:50:16,21,Semester 4,2,3,4,3,5,2,2,2,2,2,Ya,Turun,Sangat mendukung ğŸ˜,"Media sosial (Instagram, Twitter, dsb.) ğŸ“±",Laki-laki,Faculty of Humanities,Ya,Pernah
5/28/2025 23:49:09,19,Semester 4,4,4,0,2,4,5,4,4,5,2,Ya,Turun,Cukup mendukung ğŸ˜Š,"Media sosial (Instagram, Twitter, dsb.) ğŸ“±",Perempuan,School of Design,Tidak,Pernah
5/29/2025 0:17:36,21,Semester 4,4,14,1,4,5,5,2,2,4,4,Tidak,,Sangat mengganggu ğŸ˜–,"Media sosial (Instagram, Twitter, dsb.) ğŸ“±",Perempuan,BINUS Business School,Tidak,Pernah
5/29/2025 4:48:32,19,Semester 4,2,7,0,4,4,3,3,5,3,4,Tidak,,Cukup mengganggu ğŸ˜•,Di kampus/organisasi ğŸ«,Laki-laki,School of Accounting,Ya,Pernah
5/29/2025 9:57:30,20,Semester 4,5,9,4,4,5,5,4,3,2,4,Tidak,,Netral ğŸ˜,"Aplikasi kencan (Tinder, Bumble, dll) ğŸ”¥",Laki-laki,School of Design,Ya,Pernah
5/29/2025 12:49:42,20,Semester 4,2,9,3,3,3,4,3,4,5,3,Tidak,,Cukup mendukung ğŸ˜Š,"Aplikasi kencan (Tinder, Bumble, dll) ğŸ”¥",Laki-laki,School of Computer Science,Tidak,Pernah
5/29/2025 12:58:07,21,Semester 6,3,36,3,3,5,3,4,5,4,2,Tidak,,Cukup mendukung ğŸ˜Š,"Aplikasi kencan (Tinder, Bumble, dll) ğŸ”¥",Laki-laki,School of Computer Science,Ya,Pernah
5/29/2025 13:18:26,19,Semester 4,2,25,1,4,5,2,3,5,3,2,Tidak,,Cukup mendukung ğŸ˜Š,Melalui teman ğŸ¤,Perempuan,Faculty of Humanities,Ya,Pernah
5/29/2025 13:23:31,19,Semester 4,3,4,1,3,3,2,5,5,5,3,Ya,Naik,Sangat mendukung ğŸ˜,Di kampus/organisasi ğŸ«,Laki-laki,School of Computer Science,Ya,Pernah
5/29/2025 13:26:04,21,Semester 4,5,12,2,2,2,2,4,2,4,4,Tidak,,Cukup mendukung ğŸ˜Š,Melalui teman ğŸ¤,Perempuan,School of Information Systems,Ya,Pernah
5/29/2025 13:28:46,20,Semester 4,2,9,4,4,4,3,5,3,5,4,Tidak,,Netral ğŸ˜,"Aplikasi kencan (Tinder, Bumble, dll) ğŸ”¥",Laki-laki,Faculty of Humanities,Ya,Pernah
5/29/2025 13:30:52,19,Semester 4,4,12,4,3,2,4,5,5,3,2,Tidak,,Cukup mendukung ğŸ˜Š,"Aplikasi kencan (Tinder, Bumble, dll) ğŸ”¥",Laki-laki,School of Computer Science,Ya,Pernah
5/29/2025 14:34:47,21,Semester 4,1,27,2,4,2,5,4,4,5,3,Tidak,,Sangat mengganggu ğŸ˜–,Melalui teman ğŸ¤,Perempuan,BINUS Business School,Ya,Pernah
5/29/2025 14:49:13,21,Semester 4,4,28,1,2,5,5,4,2,3,2,Tidak,,Cukup mendukung ğŸ˜Š,Di kampus/organisasi ğŸ«,Laki-laki,BINUS Business School,Tidak,Pernah
5/29/2025 15:32:36,20,Semester 4,3,14,3,2,5,3,3,3,2,5,Tidak,,Cukup mendukung ğŸ˜Š,"Media sosial (Instagram, Twitter, dsb.) ğŸ“±",Perempuan,School of Computer Science,Tidak,Pernah
5/29/2025 15:53:23,19,Semester 2,5,24,2,2,3,3,5,4,5,3,Tidak,,Sangat mendukung ğŸ˜,Melalui teman ğŸ¤,Perempuan,Faculty of Digital Communication and Hotel and Tourism,Ya,Pernah
5/29/2025 15:53:56,20,Semester 4,4,13,2,5,5,2,3,4,3,4,Ya,Naik,Sangat mengganggu ğŸ˜–,Di kampus/organisasi ğŸ«,Laki-laki,Faculty of Engineering,Ya,Pernah
5/29/2025 15:55:48,18,Semester 2,4,27,4,3,5,3,2,2,5,3,Tidak,,Cukup mengganggu ğŸ˜•,"Media sosial (Instagram, Twitter, dsb.) ğŸ“±",Laki-laki,School of Design,Ya,Pernah
5/29/2025 16:14:42,19,Semester 2,4,32,1,4,2,3,2,5,2,4,Tidak,,Netral ğŸ˜,"Media sosial (Instagram, Twitter, dsb.) ğŸ“±",Perempuan,School of Computer Science,Tidak,Pernah
5/29/2025 16:26:06,19,Semester 2,1,22,4,4,2,3,2,5,2,3,Ya,Turun,Cukup mendukung ğŸ˜Š,Di kampus/organisasi ğŸ«,Laki-laki,School of Information Systems,Tidak,Pernah
5/29/2025 16:59:50,19,Semester 4,5,33,2,2,5,2,4,5,3,2,Ya,Naik,Cukup mendukung ğŸ˜Š,"Media sosial (Instagram, Twitter, dsb.) ğŸ“±",Laki-laki,School of Computer Science,Ya,Pernah
5/29/2025 17:25:19,21,Semester 6,4,29,4,3,2,4,4,5,4,3,Tidak,,Cukup mendukung ğŸ˜Š,Di kampus/organisasi ğŸ«,Laki-laki,School of Computer Science,Ya,Pernah
5/29/2025 17:44:49,20,Semester 6,3,17,3,4,4,5,5,4,2,4,Tidak,,Netral ğŸ˜,"Aplikasi kencan (Tinder, Bumble, dll) ğŸ”¥",Laki-laki,School of Computer Science,Tidak,Pernah
5/29/2025 17:48:12,19,Semester 2,2,31,4,2,4,3,2,4,3,5,Tidak,,Netral ğŸ˜,Melalui teman ğŸ¤,Perempuan,School of Computer Science,Tidak,Pernah
5/29/2025 19:15:45,20,Semester 4,2,24,1,4,4,4,3,4,4,3,Ya,Naik,Sangat mendukung ğŸ˜,"Aplikasi kencan (Tinder, Bumble, dll) ğŸ”¥",Perempuan,School of Computer Science,Ya,Pernah
5/29/2025 19:16:07,19,Semester 2,1,10,4,4,3,5,3,3,4,3,Ya,Turun,Sangat mendukung ğŸ˜,"Media sosial (Instagram, Twitter, dsb.) ğŸ“±",Perempuan,School of Computer Science,Tidak,Pernah
5/29/2025 19:20:18,18,Semester 2,5,29,1,3,5,3,2,4,4,5,Tidak,,Sangat mendukung ğŸ˜,"Aplikasi kencan (Tinder, Bumble, dll) ğŸ”¥",Perempuan,School of Computer Science,Ya,Pernah
5/29/2025 19:49:54,23,Semester 6,4,6,3,5,5,4,5,3,5,5,Ya,Naik,Cukup mengganggu ğŸ˜•,Di kampus/organisasi ğŸ«,Perempuan,School of Accounting,Ya,Pernah
5/29/2025 20:59:37,20,Semester 4,4,19,3,2,2,3,2,3,3,3,Tidak,,Cukup mengganggu ğŸ˜•,Di kampus/organisasi ğŸ«,Perempuan,School of Computer Science,Ya,Pernah
5/29/2025 21:03:05,21,Semester 4,1,17,4,4,2,3,2,4,3,5,Tidak,,Cukup mengganggu ğŸ˜•,"Media sosial (Instagram, Twitter, dsb.) ğŸ“±",Laki-laki,School of Computer Science,Tidak,Pernah
5/29/2025 21:19:36,20,Semester 6,2,35,4,5,4,2,5,2,3,4,Ya,Turun,Netral ğŸ˜,"Aplikasi kencan (Tinder, Bumble, dll) ğŸ”¥",Perempuan,School of Computer Science,Ya,Pernah
5/29/2025 21:26:32,20,Semester 4,1,18,1,3,5,3,4,2,3,5,Tidak,,Cukup mendukung ğŸ˜Š,"Aplikasi kencan (Tinder, Bumble, dll) ğŸ”¥",Perempuan,Faculty of Engineering,Ya,Pernah
5/29/2025 21:52:25,18,Semester 2,5,15,3,2,2,4,3,4,4,5,Tidak,,Sangat mendukung ğŸ˜,"Media sosial (Instagram, Twitter, dsb.) ğŸ“±",Laki-laki,School of Computer Science,Tidak,Pernah
5/29/2025 22:48:31,20,Semester 6,1,33,1,4,5,3,2,5,2,2,Tidak,,Sangat mengganggu ğŸ˜–,Di kampus/organisasi ğŸ«,Laki-laki,School of Computer Science,Ya,Pernah
5/29/2025 23:29:47,21,Semester 4,5,8,4,4,2,3,5,3,2,4,Tidak,,Cukup mengganggu ğŸ˜•,Di kampus/organisasi ğŸ«,Laki-laki,Faculty of Digital Communication and Hotel and Tourism,Tidak,Pernah
5/30/2025 3:50:16,21,Semester 4,2,24,3,2,4,3,3,5,4,2,Ya,Naik,Sangat mendukung ğŸ˜,Di kampus/organisasi ğŸ«,Laki-laki,Faculty of Engineering,Ya,Pernah
5/30/2025 7:18:17,20,Semester 4,5,35,3,4,2,4,3,4,2,3,Ya,Turun,Sangat mengganggu ğŸ˜–,"Media sosial (Instagram, Twitter, dsb.) ğŸ“±",Laki-laki,Faculty of Engineering,Ya,Pernah
5/30/2025 9:03:28,21,Semester 6,5,31,3,2,4,4,3,5,4,4,Ya,Naik,Cukup mendukung ğŸ˜Š,"Media sosial (Instagram, Twitter, dsb.) ğŸ“±",Perempuan,School of Information Systems,Ya,Pernah
5/30/2025 10:24:56,21,Semester 4,2,7,1,2,4,3,5,2,3,5,Ya,Naik,Cukup mengganggu ğŸ˜•,Di kampus/organisasi ğŸ«,Perempuan,School of Design,Tidak,Pernah
5/30/2025 12:00:50,19,Semester 4,5,30,4,3,4,4,5,4,5,5,Ya,Naik,Cukup mengganggu ğŸ˜•,"Media sosial (Instagram, Twitter, dsb.) ğŸ“±",Laki-laki,School of Computer Science,Ya,Pernah
5/30/2025 13:23:53,20,Semester 4,4,5,2,4,3,4,4,3,3,5,Tidak,,Sangat mengganggu ğŸ˜–,"Aplikasi kencan (Tinder, Bumble, dll) ğŸ”¥",Perempuan,School of Computer Science,Ya,Pernah
5/30/2025 14:33:18,23,Semester 6,2,13,4,4,2,4,3,3,4,4,Ya,Turun,Sangat mengganggu ğŸ˜–,Melalui teman ğŸ¤,Perempuan,School of Computer Science,Ya,Pernah
5/30/2025 14:35:25,21,Semester 4,2,12,1,4,5,3,3,4,2,4,Tidak,,Netral ğŸ˜,Melalui teman ğŸ¤,Perempuan,School of Computer Science,Ya,Pernah
5/30/2025 14:52:27,19,Semester 4,5,32,2,3,5,5,3,3,5,2,Ya,Turun,Sangat mengganggu ğŸ˜–,Di kampus/organisasi ğŸ«,Laki-laki,School of Design,Ya,Pernah
5/30/2025 15:01:57,19,Semester 4,2,17,3,5,2,2,4,5,2,3,Tidak,,Cukup mendukung ğŸ˜Š,"Media sosial (Instagram, Twitter, dsb.) ğŸ“±",Perempuan,School of Computer Science,Ya,Pernah
5/30/2025 15:05:27,21,Semester 4,4,27,4,2,4,2,5,3,2,5,Tidak,,Cukup mendukung ğŸ˜Š,"Aplikasi kencan (Tinder, Bumble, dll) ğŸ”¥",Laki-laki,School of Computer Science,Ya,Pernah
5/30/2025 15:28:27,19,Semester 4,3,11,3,3,2,3,4,2,4,3,Tidak,,Sangat mengganggu ğŸ˜–,"Media sosial (Instagram, Twitter, dsb.) ğŸ“±",Perempuan,School of Design,Ya,Pernah
5/30/2025 15:43:21,20,Semester 4,4,17,3,2,2,2,2,2,2,3,Tidak,,Sangat mendukung ğŸ˜,"Media sosial (Instagram, Twitter, dsb.) ğŸ“±",Perempuan,School of Computer Science,Ya,Pernah
5/30/2025 15:46:12,19,Semester 2,1,36,3,2,4,4,4,3,2,2,Tidak,,Sangat mengganggu ğŸ˜–,Di kampus/organisasi ğŸ«,Laki-laki,School of Accounting,Ya,Pernah
5/30/2025 16:05:01,19,Semester 4,4,6,3,2,4,3,4,3,3,3,Tidak,,Sangat mengganggu ğŸ˜–,Di kampus/organisasi ğŸ«,Laki-laki,School of Computer Science,Tidak,Pernah
5/30/2025 16:12:58,21,Semester 4,3,21,2,5,5,3,3,3,4,3,Tidak,,Sangat mendukung ğŸ˜,Di kampus/organisasi ğŸ«,Perempuan,School of Computer Science,Ya,Pernah
5/30/2025 16:34:42,19,Semester 2,3,23,2,4,2,4,3,5,3,2,Tidak,,Cukup mengganggu ğŸ˜•,"Aplikasi kencan (Tinder, Bumble, dll) ğŸ”¥",Laki-laki,Faculty of Digital Communication and Hotel and Tourism,Ya,Pernah
5/30/2025 16:51:42,19,Semester 4,1,15,1,2,2,2,5,5,3,3,Tidak,,Cukup mengganggu ğŸ˜•,Melalui teman ğŸ¤,Perempuan,Faculty of Engineering,Tidak,Pernah
5/30/2025 17:03:58,20,Semester 4,1,14,2,5,2,3,2,2,2,2,Ya,Turun,Sangat mengganggu ğŸ˜–,Melalui teman ğŸ¤,Laki-laki,School of Information Systems,Tidak,Pernah
5/30/2025 17:13:05,19,Semester 2,5,10,2,5,2,2,2,4,4,5,Tidak,,Sangat mengganggu ğŸ˜–,Di kampus/organisasi ğŸ«,Laki-laki,Faculty of Digital Communication and Hotel and Tourism,Ya,Pernah
5/30/2025 17:14:45,22,Semester 6,4,27,1,3,4,5,2,5,3,4,Tidak,,Sangat mendukung ğŸ˜,"Aplikasi kencan (Tinder, Bumble, dll) ğŸ”¥",Perempuan,School of Information Systems,Ya,Pernah
5/30/2025 17:30:20,19,Semester 4,4,16,1,2,3,2,2,2,3,3,Tidak,,Cukup mengganggu ğŸ˜•,Di kampus/organisasi ğŸ«,Perempuan,School of Computer Science,Ya,Pernah
5/30/2025 17:54:02,19,Semester 4,5,4,0,4,4,3,5,2,2,4,Ya,Naik,Cukup mengganggu ğŸ˜•,Melalui teman ğŸ¤,Perempuan,School of Information Systems,Tidak,Pernah
5/30/2025 18:18:44,21,Semester 4,2,36,3,4,2,5,3,3,3,3,Tidak,,Cukup mendukung ğŸ˜Š,"Media sosial (Instagram, Twitter, dsb.) ğŸ“±",Perempuan,Faculty of Digital Communication and Hotel and Tourism,Tidak,Pernah
5/30/2025 18:55:12,19,Semester 4,2,18,3,2,5,5,2,3,3,5,Ya,Turun,Cukup mendukung ğŸ˜Š,"Media sosial (Instagram, Twitter, dsb.) ğŸ“±",Perempuan,School of Design,Ya,Pernah
5/30/2025 19:39:08,20,Semester 4,2,19,2,5,5,2,3,2,4,3,Tidak,,Sangat mendukung ğŸ˜,"Aplikasi kencan (Tinder, Bumble, dll) ğŸ”¥",Perempuan,School of Computer Science,Ya,Pernah
5/30/2025 19:39:24,19,Semester 4,4,36,3,3,3,5,4,3,3,5,Ya,Naik,Netral ğŸ˜,Melalui teman ğŸ¤,Laki-laki,BINUS Business School,Tidak,Pernah
5/30/2025 20:03:51,21,Semester 4,2,7,3,3,5,4,4,2,5,2,Tidak,,Cukup mengganggu ğŸ˜•,Melalui teman ğŸ¤,Perempuan,School of Computer Science,Ya,Pernah
5/30/2025 22:23:09,19,Semester 4,1,5,1,4,4,2,2,2,3,2,Tidak,,Cukup mendukung ğŸ˜Š,Di kampus/organisasi ğŸ«,Laki-laki,Faculty of Digital Communication and Hotel and Tourism,Ya,Pernah